x-axis,2
second,Volt
+504.00000E-03,
+504.05000E-03,
+504.10000E-03,-201.00503E-03
+504.15000E-03,-351.75880E-03
+504.20000E-03,-201.00503E-03
+504.25000E-03,-201.00503E-03
+504.30000E-03,-201.00503E-03
+504.35000E-03,-201.00503E-03
+504.40000E-03,-201.00503E-03
+504.45000E-03,-201.00503E-03
+504.50000E-03,-201.00503E-03
+504.55000E-03,-201.00503E-03
+504.60000E-03,-351.75880E-03
+504.65000E-03,-201.00503E-03
+504.70000E-03,-201.00503E-03
+504.75000E-03,-238.69347E-03
+504.80000E-03,-201.00503E-03
+504.85000E-03,-238.69347E-03
+504.90000E-03,-201.00503E-03
+504.95000E-03,-201.00503E-03
+505.00000E-03,-201.00503E-03
+505.05000E-03,-201.00503E-03
+505.10000E-03,-201.00503E-03
+505.15000E-03,-201.00503E-03
+505.20000E-03,-201.00503E-03
+505.25000E-03,-201.00503E-03
+505.30000E-03,-201.00503E-03
+505.35000E-03,-201.00503E-03
+505.40000E-03,-201.00503E-03
+505.45000E-03,-201.00503E-03
+505.50000E-03,-201.00503E-03
+505.55000E-03,-201.00503E-03
+505.60000E-03,-201.00503E-03
+505.65000E-03,-201.00503E-03
+505.70000E-03,-201.00503E-03
+505.75000E-03,-201.00503E-03
+505.80000E-03,-201.00503E-03
+505.85000E-03,-201.00503E-03
+505.90000E-03,-201.00503E-03
+505.95000E-03,-201.00503E-03
+506.00000E-03,-201.00503E-03
+506.05000E-03,-351.75880E-03
+506.10000E-03,-201.00503E-03
+506.15000E-03,-201.00503E-03
+506.20000E-03,-201.00503E-03
+506.25000E-03,-351.75880E-03
+506.30000E-03,-201.00503E-03
+506.35000E-03,-238.69347E-03
+506.40000E-03,-201.00503E-03
+506.45000E-03,-238.69347E-03
+506.50000E-03,-201.00503E-03
+506.55000E-03,-201.00503E-03
+506.60000E-03,-238.69347E-03
+506.65000E-03,-238.69347E-03
+506.70000E-03,-201.00503E-03
+506.75000E-03,-351.75880E-03
+506.80000E-03,-201.00503E-03
+506.85000E-03,-201.00503E-03
+506.90000E-03,-201.00503E-03
+506.95000E-03,-201.00503E-03
+507.00000E-03,-201.00503E-03
+507.05000E-03,-201.00503E-03
+507.10000E-03,-351.75880E-03
+507.15000E-03,-351.75880E-03
+507.20000E-03,-351.75880E-03
+507.25000E-03,-201.00503E-03
+507.30000E-03,-201.00503E-03
+507.35000E-03,-238.69347E-03
+507.40000E-03,-201.00503E-03
+507.45000E-03,-201.00503E-03
+507.50000E-03,-201.00503E-03
+507.55000E-03,-402.01005E-03
+507.60000E-03,-238.69347E-03
+507.65000E-03,-201.00503E-03
+507.70000E-03,-351.75880E-03
+507.75000E-03,-351.75880E-03
+507.80000E-03,-201.00503E-03
+507.85000E-03,-201.00503E-03
+507.90000E-03,-201.00503E-03
+507.95000E-03,-201.00503E-03
+508.00000E-03,-351.75880E-03
+508.05000E-03,-201.00503E-03
+508.10000E-03,-201.00503E-03
+508.15000E-03,-201.00503E-03
+508.20000E-03,-238.69347E-03
+508.25000E-03,-201.00503E-03
+508.30000E-03,-201.00503E-03
+508.35000E-03,-238.69347E-03
+508.40000E-03,-201.00503E-03
+508.45000E-03,-201.00503E-03
+508.50000E-03,-201.00503E-03
+508.55000E-03,-238.69347E-03
+508.60000E-03,-201.00503E-03
+508.65000E-03,-201.00503E-03
+508.70000E-03,-201.00503E-03
+508.75000E-03,-351.75880E-03
+508.80000E-03,-201.00503E-03
+508.85000E-03,-201.00503E-03
+508.90000E-03,-201.00503E-03
+508.95000E-03,-201.00503E-03
+509.00000E-03,-201.00503E-03
+509.05000E-03,-201.00503E-03
+509.10000E-03,-201.00503E-03
+509.15000E-03,-201.00503E-03
+509.20000E-03,-201.00503E-03
+509.25000E-03,-201.00503E-03
+509.30000E-03,-201.00503E-03
+509.35000E-03,-201.00503E-03
+509.40000E-03,-201.00503E-03
+509.45000E-03,-201.00503E-03
+509.50000E-03,-201.00503E-03
+509.55000E-03,-201.00503E-03
+509.60000E-03,-201.00503E-03
+509.65000E-03,-201.00503E-03
+509.70000E-03,-201.00503E-03
+509.75000E-03,-201.00503E-03
+509.80000E-03,-201.00503E-03
+509.85000E-03,-201.00503E-03
+509.90000E-03,-238.69347E-03
+509.95000E-03,-201.00503E-03
+510.00000E-03,-201.00503E-03
+510.05000E-03,-201.00503E-03
+510.10000E-03,-201.00503E-03
+510.15000E-03,-201.00503E-03
+510.20000E-03,-201.00503E-03
+510.25000E-03,-201.00503E-03
+510.30000E-03,-402.01005E-03
+510.35000E-03,-201.00503E-03
+510.40000E-03,-201.00503E-03
+510.45000E-03,-201.00503E-03
+510.50000E-03,-351.75880E-03
+510.55000E-03,-201.00503E-03
+510.60000E-03,-201.00503E-03
+510.65000E-03,-201.00503E-03
+510.70000E-03,-201.00503E-03
+510.75000E-03,-201.00503E-03
+510.80000E-03,-201.00503E-03
+510.85000E-03,-201.00503E-03
+510.90000E-03,-201.00503E-03
+510.95000E-03,-201.00503E-03
+511.00000E-03,-201.00503E-03
+511.05000E-03,-201.00503E-03
+511.10000E-03,-201.00503E-03
+511.15000E-03,-201.00503E-03
+511.20000E-03,-201.00503E-03
+511.25000E-03,-351.75880E-03
+511.30000E-03,-201.00503E-03
+511.35000E-03,-201.00503E-03
+511.40000E-03,-238.69347E-03
+511.45000E-03,-201.00503E-03
+511.50000E-03,-201.00503E-03
+511.55000E-03,-351.75880E-03
+511.60000E-03,-201.00503E-03
+511.65000E-03,-201.00503E-03
+511.70000E-03,-201.00503E-03
+511.75000E-03,-201.00503E-03
+511.80000E-03,-201.00503E-03
+511.85000E-03,-201.00503E-03
+511.90000E-03,-201.00503E-03
+511.95000E-03,-201.00503E-03
+512.00000E-03,-75.37689E-03
+512.05000E-03,-201.00503E-03
+512.10000E-03,-238.69347E-03
+512.15000E-03,-201.00503E-03
+512.20000E-03,-351.75880E-03
+512.25000E-03,-201.00503E-03
+512.30000E-03,-201.00503E-03
+512.35000E-03,-201.00503E-03
+512.40000E-03,-201.00503E-03
+512.45000E-03,-201.00503E-03
+512.50000E-03,-201.00503E-03
+512.55000E-03,-201.00503E-03
+512.60000E-03,-201.00503E-03
+512.65000E-03,-201.00503E-03
+512.70000E-03,-201.00503E-03
+512.75000E-03,-201.00503E-03
+512.80000E-03,-201.00503E-03
+512.85000E-03,-201.00503E-03
+512.90000E-03,-201.00503E-03
+512.95000E-03,-201.00503E-03
+513.00000E-03,-201.00503E-03
+513.05000E-03,-201.00503E-03
+513.10000E-03,-201.00503E-03
+513.15000E-03,-201.00503E-03
+513.20000E-03,-201.00503E-03
+513.25000E-03,-201.00503E-03
+513.30000E-03,-201.00503E-03
+513.35000E-03,-201.00503E-03
+513.40000E-03,-201.00503E-03
+513.45000E-03,-201.00503E-03
+513.50000E-03,-201.00503E-03
+513.55000E-03,-201.00503E-03
+513.60000E-03,-201.00503E-03
+513.65000E-03,-201.00503E-03
+513.70000E-03,-201.00503E-03
+513.75000E-03,-201.00503E-03
+513.80000E-03,-201.00503E-03
+513.85000E-03,-201.00503E-03
+513.90000E-03,-201.00503E-03
+513.95000E-03,-201.00503E-03
+514.00000E-03,-201.00503E-03
+514.05000E-03,-201.00503E-03
+514.10000E-03,-201.00503E-03
+514.15000E-03,-201.00503E-03
+514.20000E-03,-201.00503E-03
+514.25000E-03,-201.00503E-03
+514.30000E-03,-75.37689E-03
+514.35000E-03,-201.00503E-03
+514.40000E-03,-201.00503E-03
+514.45000E-03,-201.00503E-03
+514.50000E-03,-201.00503E-03
+514.55000E-03,-201.00503E-03
+514.60000E-03,-201.00503E-03
+514.65000E-03,-238.69347E-03
+514.70000E-03,-201.00503E-03
+514.75000E-03,-201.00503E-03
+514.80000E-03,-201.00503E-03
+514.85000E-03,-201.00503E-03
+514.90000E-03,-201.00503E-03
+514.95000E-03,-201.00503E-03
+515.00000E-03,-201.00503E-03
+515.05000E-03,-201.00503E-03
+515.10000E-03,-201.00503E-03
+515.15000E-03,-201.00503E-03
+515.20000E-03,-37.68844E-03
+515.25000E-03,-201.00503E-03
+515.30000E-03,-201.00503E-03
+515.35000E-03,-201.00503E-03
+515.40000E-03,-201.00503E-03
+515.45000E-03,-201.00503E-03
+515.50000E-03,-201.00503E-03
+515.55000E-03,-201.00503E-03
+515.60000E-03,-201.00503E-03
+515.65000E-03,-201.00503E-03
+515.70000E-03,-201.00503E-03
+515.75000E-03,-201.00503E-03
+515.80000E-03,-201.00503E-03
+515.85000E-03,-201.00503E-03
+515.90000E-03,-37.68844E-03
+515.95000E-03,-201.00503E-03
+516.00000E-03,-37.68844E-03
+516.05000E-03,+0.0E+00
+516.10000E-03,+0.0E+00
+516.15000E-03,-150.75377E-03
+516.20000E-03,+0.0E+00
+516.25000E-03,+0.0E+00
+516.30000E-03,+0.0E+00
+516.35000E-03,+0.0E+00
+516.40000E-03,-150.75377E-03
+516.45000E-03,+0.0E+00
+516.50000E-03,+0.0E+00
+516.55000E-03,+0.0E+00
+516.60000E-03,+0.0E+00
+516.65000E-03,+0.0E+00
+516.70000E-03,+0.0E+00
+516.75000E-03,+0.0E+00
+516.80000E-03,+0.0E+00
+516.85000E-03,+0.0E+00
+516.90000E-03,+0.0E+00
+516.95000E-03,+150.75377E-03
+517.00000E-03,+150.75377E-03
+517.05000E-03,+0.0E+00
+517.10000E-03,+201.00503E-03
+517.15000E-03,+37.68844E-03
+517.20000E-03,+0.0E+00
+517.25000E-03,+201.00503E-03
+517.30000E-03,+201.00503E-03
+517.35000E-03,+238.69347E-03
+517.40000E-03,+351.75880E-03
+517.45000E-03,+402.01005E-03
+517.50000E-03,+603.01508E-03
+517.55000E-03,+603.01508E-03
+517.60000E-03,+804.02011E-03
+517.65000E-03,+1.04271358E+00
+517.70000E-03,+1.40703519E+00
+517.75000E-03,+2.01005027E+00
+517.80000E-03,+2.21105529E+00
+517.85000E-03,+2.04773871E+00
+517.90000E-03,+2.01005027E+00
+517.95000E-03,+2.21105529E+00
+518.00000E-03,+2.61306535E+00
+518.05000E-03,+2.96482414E+00
+518.10000E-03,+3.21608043E+00
+518.15000E-03,+3.21608043E+00
+518.20000E-03,+3.41708545E+00
+518.25000E-03,+3.61809048E+00
+518.30000E-03,+3.81909551E+00
+518.35000E-03,+4.37185933E+00
+518.40000E-03,+4.66080406E+00
+518.45000E-03,+5.37688446E+00
+518.50000E-03,+5.66582919E+00
+518.55000E-03,+6.23115583E+00
+518.60000E-03,+6.78391965E+00
+518.65000E-03,+7.43718599E+00
+518.70000E-03,+7.98994981E+00
+518.75000E-03,+8.59296489E+00
+518.80000E-03,+9.04522620E+00
+518.85000E-03,+9.59799002E+00
+518.90000E-03,+10.05025133E+00
+518.95000E-03,+10.25125636E+00
+519.00000E-03,+10.45226139E+00
+519.05000E-03,+10.65326642E+00
+519.10000E-03,+10.65326642E+00
+519.15000E-03,+10.45226139E+00
+519.20000E-03,+10.08793978E+00
+519.25000E-03,+9.84924631E+00
+519.30000E-03,+9.24623123E+00
+519.35000E-03,+8.84422117E+00
+519.40000E-03,+8.24120609E+00
+519.45000E-03,+7.63819101E+00
+519.50000E-03,+7.23618096E+00
+519.55000E-03,+6.83417091E+00
+519.60000E-03,+6.43216085E+00
+519.65000E-03,+5.86683422E+00
+519.70000E-03,+5.62814075E+00
+519.75000E-03,+5.22613069E+00
+519.80000E-03,+4.86180908E+00
+519.85000E-03,+4.82412064E+00
+519.90000E-03,+4.77386938E+00
+519.95000E-03,+5.22613069E+00
+520.00000E-03,+6.98492468E+00
+520.05000E-03,+7.43718599E+00
+520.10000E-03,+7.07286438E+00
+520.15000E-03,+2.04773871E+00
+520.20000E-03,+3.61809048E+00
+520.25000E-03,+2.61306535E+00
+520.30000E-03,+1.40703519E+00
+520.35000E-03,+1.15577890E+00
+520.40000E-03,+1.80904524E+00
+520.45000E-03,+1.04271358E+00
+520.50000E-03,+804.02011E-03
+520.55000E-03,+603.01508E-03
+520.60000E-03,+351.75880E-03
+520.65000E-03,+0.0E+00
+520.70000E-03,+201.00503E-03
+520.75000E-03,+0.0E+00
+520.80000E-03,+37.68844E-03
+520.85000E-03,+0.0E+00
+520.90000E-03,+0.0E+00
+520.95000E-03,-150.75377E-03
+521.00000E-03,-201.00503E-03
+521.05000E-03,-201.00503E-03
+521.10000E-03,-150.75377E-03
+521.15000E-03,-201.00503E-03
+521.20000E-03,-201.00503E-03
+521.25000E-03,-201.00503E-03
+521.30000E-03,-201.00503E-03
+521.35000E-03,-201.00503E-03
+521.40000E-03,-201.00503E-03
+521.45000E-03,-201.00503E-03
+521.50000E-03,-201.00503E-03
+521.55000E-03,-238.69347E-03
+521.60000E-03,-201.00503E-03
+521.65000E-03,-201.00503E-03
+521.70000E-03,-201.00503E-03
+521.75000E-03,-201.00503E-03
+521.80000E-03,-201.00503E-03
+521.85000E-03,-201.00503E-03
+521.90000E-03,-201.00503E-03
+521.95000E-03,-238.69347E-03
+522.00000E-03,-201.00503E-03
+522.05000E-03,-201.00503E-03
+522.10000E-03,-201.00503E-03
+522.15000E-03,-201.00503E-03
+522.20000E-03,-238.69347E-03
+522.25000E-03,-201.00503E-03
+522.30000E-03,-351.75880E-03
+522.35000E-03,-201.00503E-03
+522.40000E-03,-201.00503E-03
+522.45000E-03,-238.69347E-03
+522.50000E-03,-201.00503E-03
+522.55000E-03,-201.00503E-03
+522.60000E-03,-201.00503E-03
+522.65000E-03,-201.00503E-03
+522.70000E-03,-201.00503E-03
+522.75000E-03,-201.00503E-03
+522.80000E-03,-201.00503E-03
+522.85000E-03,-201.00503E-03
+522.90000E-03,-201.00503E-03
+522.95000E-03,-201.00503E-03
+523.00000E-03,-201.00503E-03
+523.05000E-03,-201.00503E-03
+523.10000E-03,-201.00503E-03
+523.15000E-03,-201.00503E-03
+523.20000E-03,-238.69347E-03
+523.25000E-03,-201.00503E-03
+523.30000E-03,-201.00503E-03
+523.35000E-03,-238.69347E-03
+523.40000E-03,-201.00503E-03
+523.45000E-03,-201.00503E-03
+523.50000E-03,-201.00503E-03
+523.55000E-03,-201.00503E-03
+523.60000E-03,-201.00503E-03
+523.65000E-03,-351.75880E-03
+523.70000E-03,-238.69347E-03
+523.75000E-03,-201.00503E-03
+523.80000E-03,-238.69347E-03
+523.85000E-03,-201.00503E-03
+523.90000E-03,-201.00503E-03
+523.95000E-03,-201.00503E-03
+524.00000E-03,-201.00503E-03
+524.05000E-03,-351.75880E-03
+524.10000E-03,-238.69347E-03
+524.15000E-03,-201.00503E-03
+524.20000E-03,-201.00503E-03
+524.25000E-03,-201.00503E-03
+524.30000E-03,-201.00503E-03
+524.35000E-03,-238.69347E-03
+524.40000E-03,-201.00503E-03
+524.45000E-03,-201.00503E-03
+524.50000E-03,-201.00503E-03
+524.55000E-03,-201.00503E-03
+524.60000E-03,-201.00503E-03
+524.65000E-03,-201.00503E-03
+524.70000E-03,-201.00503E-03
+524.75000E-03,-201.00503E-03
+524.80000E-03,-201.00503E-03
+524.85000E-03,-201.00503E-03
+524.90000E-03,-201.00503E-03
+524.95000E-03,-201.00503E-03
+525.00000E-03,-201.00503E-03
+525.05000E-03,-238.69347E-03
+525.10000E-03,-201.00503E-03
+525.15000E-03,-201.00503E-03
+525.20000E-03,-238.69347E-03
+525.25000E-03,-201.00503E-03
+525.30000E-03,-201.00503E-03
+525.35000E-03,-201.00503E-03
+525.40000E-03,-201.00503E-03
+525.45000E-03,-201.00503E-03
+525.50000E-03,-351.75880E-03
+525.55000E-03,-201.00503E-03
+525.60000E-03,-201.00503E-03
+525.65000E-03,-351.75880E-03
+525.70000E-03,-201.00503E-03
+525.75000E-03,-201.00503E-03
+525.80000E-03,-238.69347E-03
+525.85000E-03,-201.00503E-03
+525.90000E-03,-201.00503E-03
+525.95000E-03,-238.69347E-03
+526.00000E-03,-201.00503E-03
+526.05000E-03,-201.00503E-03
+526.10000E-03,-201.00503E-03
+526.15000E-03,-201.00503E-03
+526.20000E-03,-201.00503E-03
+526.25000E-03,-201.00503E-03
+526.30000E-03,-201.00503E-03
+526.35000E-03,-201.00503E-03
+526.40000E-03,-351.75880E-03
+526.45000E-03,-201.00503E-03
+526.50000E-03,-238.69347E-03
+526.55000E-03,-351.75880E-03
+526.60000E-03,-238.69347E-03
+526.65000E-03,-238.69347E-03
+526.70000E-03,-201.00503E-03
+526.75000E-03,-201.00503E-03
+526.80000E-03,-201.00503E-03
+526.85000E-03,-201.00503E-03
+526.90000E-03,-201.00503E-03
+526.95000E-03,-201.00503E-03
+527.00000E-03,-201.00503E-03
+527.05000E-03,-201.00503E-03
+527.10000E-03,-201.00503E-03
+527.15000E-03,-201.00503E-03
+527.20000E-03,-201.00503E-03
+527.25000E-03,-238.69347E-03
+527.30000E-03,-201.00503E-03
+527.35000E-03,-201.00503E-03
+527.40000E-03,-351.75880E-03
+527.45000E-03,-238.69347E-03
+527.50000E-03,-201.00503E-03
+527.55000E-03,-201.00503E-03
+527.60000E-03,-201.00503E-03
+527.65000E-03,-201.00503E-03
+527.70000E-03,-201.00503E-03
+527.75000E-03,-201.00503E-03
+527.80000E-03,-201.00503E-03
+527.85000E-03,-201.00503E-03
+527.90000E-03,-201.00503E-03
+527.95000E-03,-201.00503E-03
+528.00000E-03,-201.00503E-03
+528.05000E-03,-402.01005E-03
+528.10000E-03,-201.00503E-03
+528.15000E-03,-201.00503E-03
+528.20000E-03,-201.00503E-03
+528.25000E-03,-201.00503E-03
+528.30000E-03,-201.00503E-03
+528.35000E-03,-201.00503E-03
+528.40000E-03,-201.00503E-03
+528.45000E-03,-201.00503E-03
+528.50000E-03,-201.00503E-03
+528.55000E-03,-351.75880E-03
+528.60000E-03,-201.00503E-03
+528.65000E-03,-201.00503E-03
+528.70000E-03,-201.00503E-03
+528.75000E-03,-201.00503E-03
+528.80000E-03,-201.00503E-03
+528.85000E-03,-201.00503E-03
+528.90000E-03,-238.69347E-03
+528.95000E-03,-201.00503E-03
+529.00000E-03,-201.00503E-03
+529.05000E-03,-201.00503E-03
+529.10000E-03,-201.00503E-03
+529.15000E-03,-238.69347E-03
+529.20000E-03,-238.69347E-03
+529.25000E-03,-201.00503E-03
+529.30000E-03,-201.00503E-03
+529.35000E-03,-201.00503E-03
+529.40000E-03,-201.00503E-03
+529.45000E-03,-201.00503E-03
+529.50000E-03,-201.00503E-03
+529.55000E-03,-201.00503E-03
+529.60000E-03,-201.00503E-03
+529.65000E-03,-238.69347E-03
+529.70000E-03,-201.00503E-03
+529.75000E-03,-351.75880E-03
+529.80000E-03,-201.00503E-03
+529.85000E-03,-238.69347E-03
+529.90000E-03,-201.00503E-03
+529.95000E-03,-201.00503E-03
+530.00000E-03,-201.00503E-03
+530.05000E-03,-201.00503E-03
+530.10000E-03,-201.00503E-03
+530.15000E-03,-201.00503E-03
+530.20000E-03,-201.00503E-03
+530.25000E-03,-201.00503E-03
+530.30000E-03,-351.75880E-03
+530.35000E-03,-201.00503E-03
+530.40000E-03,-351.75880E-03
+530.45000E-03,-201.00503E-03
+530.50000E-03,-201.00503E-03
+530.55000E-03,-351.75880E-03
+530.60000E-03,-201.00503E-03
+530.65000E-03,-201.00503E-03
+530.70000E-03,-351.75880E-03
+530.75000E-03,-201.00503E-03
+530.80000E-03,-201.00503E-03
+530.85000E-03,-201.00503E-03
+530.90000E-03,-201.00503E-03
+530.95000E-03,-201.00503E-03
+531.00000E-03,-201.00503E-03
+531.05000E-03,-201.00503E-03
+531.10000E-03,-238.69347E-03
+531.15000E-03,-201.00503E-03
+531.20000E-03,-201.00503E-03
+531.25000E-03,-201.00503E-03
+531.30000E-03,-201.00503E-03
+531.35000E-03,-201.00503E-03
+531.40000E-03,-201.00503E-03
+531.45000E-03,-201.00503E-03
+531.50000E-03,-201.00503E-03
+531.55000E-03,-201.00503E-03
+531.60000E-03,-351.75880E-03
+531.65000E-03,-238.69347E-03
+531.70000E-03,-201.00503E-03
+531.75000E-03,-201.00503E-03
+531.80000E-03,-201.00503E-03
+531.85000E-03,-201.00503E-03
+531.90000E-03,-238.69347E-03
+531.95000E-03,-351.75880E-03
+532.00000E-03,-238.69347E-03
+532.05000E-03,-201.00503E-03
+532.10000E-03,-201.00503E-03
+532.15000E-03,-201.00503E-03
+532.20000E-03,-238.69347E-03
+532.25000E-03,-238.69347E-03
+532.30000E-03,-238.69347E-03
+532.35000E-03,-351.75880E-03
+532.40000E-03,-201.00503E-03
+532.45000E-03,-238.69347E-03
+532.50000E-03,-201.00503E-03
+532.55000E-03,-201.00503E-03
+532.60000E-03,-201.00503E-03
+532.65000E-03,-238.69347E-03
+532.70000E-03,-201.00503E-03
+532.75000E-03,-351.75880E-03
+532.80000E-03,-201.00503E-03
+532.85000E-03,-402.01005E-03
+532.90000E-03,-201.00503E-03
+532.95000E-03,-351.75880E-03
+533.00000E-03,-402.01005E-03
+533.05000E-03,-201.00503E-03
+533.10000E-03,-201.00503E-03
+533.15000E-03,-201.00503E-03
+533.20000E-03,-238.69347E-03
+533.25000E-03,-201.00503E-03
+533.30000E-03,-201.00503E-03
+533.35000E-03,-238.69347E-03
+533.40000E-03,-201.00503E-03
+533.45000E-03,-201.00503E-03
+533.50000E-03,-201.00503E-03
+533.55000E-03,-201.00503E-03
+533.60000E-03,-238.69347E-03
+533.65000E-03,-238.69347E-03
+533.70000E-03,-201.00503E-03
+533.75000E-03,-201.00503E-03
+533.80000E-03,-201.00503E-03
+533.85000E-03,-201.00503E-03
+533.90000E-03,-351.75880E-03
+533.95000E-03,-238.69347E-03
+534.00000E-03,-201.00503E-03
+534.05000E-03,-201.00503E-03
+534.10000E-03,-201.00503E-03
+534.15000E-03,-201.00503E-03
+534.20000E-03,-238.69347E-03
+534.25000E-03,-201.00503E-03
+534.30000E-03,-201.00503E-03
+534.35000E-03,-201.00503E-03
+534.40000E-03,-201.00503E-03
+534.45000E-03,-201.00503E-03
+534.50000E-03,-201.00503E-03
+534.55000E-03,-238.69347E-03
+534.60000E-03,-201.00503E-03
+534.65000E-03,-201.00503E-03
+534.70000E-03,-201.00503E-03
+534.75000E-03,-201.00503E-03
+534.80000E-03,-201.00503E-03
+534.85000E-03,-201.00503E-03
+534.90000E-03,-351.75880E-03
+534.95000E-03,-238.69347E-03
+535.00000E-03,-201.00503E-03
+535.05000E-03,-201.00503E-03
+535.10000E-03,-238.69347E-03
+535.15000E-03,-201.00503E-03
+535.20000E-03,-201.00503E-03
+535.25000E-03,-201.00503E-03
+535.30000E-03,-201.00503E-03
+535.35000E-03,-201.00503E-03
+535.40000E-03,-201.00503E-03
+535.45000E-03,-201.00503E-03
+535.50000E-03,-238.69347E-03
+535.55000E-03,-201.00503E-03
+535.60000E-03,-351.75880E-03
+535.65000E-03,-201.00503E-03
+535.70000E-03,-351.75880E-03
+535.75000E-03,-201.00503E-03
+535.80000E-03,-201.00503E-03
+535.85000E-03,-238.69347E-03
+535.90000E-03,-201.00503E-03
+535.95000E-03,-201.00503E-03
+536.00000E-03,-201.00503E-03
+536.05000E-03,-201.00503E-03
+536.10000E-03,-238.69347E-03
+536.15000E-03,-201.00503E-03
+536.20000E-03,-238.69347E-03
+536.25000E-03,-201.00503E-03
+536.30000E-03,-238.69347E-03
+536.35000E-03,-201.00503E-03
+536.40000E-03,-351.75880E-03
+536.45000E-03,-201.00503E-03
+536.50000E-03,-201.00503E-03
+536.55000E-03,-238.69347E-03
+536.60000E-03,-201.00503E-03
+536.65000E-03,-201.00503E-03
+536.70000E-03,-351.75880E-03
+536.75000E-03,-201.00503E-03
+536.80000E-03,-351.75880E-03
+536.85000E-03,-201.00503E-03
+536.90000E-03,-201.00503E-03
+536.95000E-03,-201.00503E-03
+537.00000E-03,-201.00503E-03
+537.05000E-03,-201.00503E-03
+537.10000E-03,-201.00503E-03
+537.15000E-03,-351.75880E-03
+537.20000E-03,-201.00503E-03
+537.25000E-03,-351.75880E-03
+537.30000E-03,-201.00503E-03
+537.35000E-03,-238.69347E-03
+537.40000E-03,-201.00503E-03
+537.45000E-03,-201.00503E-03
+537.50000E-03,-201.00503E-03
+537.55000E-03,-238.69347E-03
+537.60000E-03,-201.00503E-03
+537.65000E-03,-238.69347E-03
+537.70000E-03,-201.00503E-03
+537.75000E-03,-201.00503E-03
+537.80000E-03,-201.00503E-03
+537.85000E-03,-201.00503E-03
+537.90000E-03,-201.00503E-03
+537.95000E-03,-201.00503E-03
+538.00000E-03,-201.00503E-03
+538.05000E-03,-351.75880E-03
+538.10000E-03,-351.75880E-03
+538.15000E-03,-201.00503E-03
+538.20000E-03,-201.00503E-03
+538.25000E-03,-201.00503E-03
+538.30000E-03,-201.00503E-03
+538.35000E-03,-201.00503E-03
+538.40000E-03,-201.00503E-03
+538.45000E-03,-201.00503E-03
+538.50000E-03,-201.00503E-03
+538.55000E-03,-238.69347E-03
+538.60000E-03,-201.00503E-03
+538.65000E-03,-201.00503E-03
+538.70000E-03,-201.00503E-03
+538.75000E-03,-201.00503E-03
+538.80000E-03,-201.00503E-03
+538.85000E-03,-201.00503E-03
+538.90000E-03,-201.00503E-03
+538.95000E-03,-351.75880E-03
+539.00000E-03,-201.00503E-03
+539.05000E-03,-201.00503E-03
+539.10000E-03,-351.75880E-03
+539.15000E-03,-201.00503E-03
+539.20000E-03,-238.69347E-03
+539.25000E-03,-402.01005E-03
+539.30000E-03,-201.00503E-03
+539.35000E-03,-201.00503E-03
+539.40000E-03,-351.75880E-03
+539.45000E-03,-201.00503E-03
+539.50000E-03,-201.00503E-03
+539.55000E-03,-402.01005E-03
+539.60000E-03,-201.00503E-03
+539.65000E-03,-201.00503E-03
+539.70000E-03,-351.75880E-03
+539.75000E-03,-201.00503E-03
+539.80000E-03,-201.00503E-03
+539.85000E-03,-201.00503E-03
+539.90000E-03,-201.00503E-03
+539.95000E-03,-201.00503E-03
+540.00000E-03,-201.00503E-03
+540.05000E-03,-201.00503E-03
+540.10000E-03,-201.00503E-03
+540.15000E-03,-201.00503E-03
+540.20000E-03,-351.75880E-03
+540.25000E-03,-201.00503E-03
+540.30000E-03,-238.69347E-03
+540.35000E-03,-238.69347E-03
+540.40000E-03,-201.00503E-03
+540.45000E-03,-201.00503E-03
+540.50000E-03,-201.00503E-03
+540.55000E-03,-238.69347E-03
+540.60000E-03,-201.00503E-03
+540.65000E-03,-201.00503E-03
+540.70000E-03,-201.00503E-03
+540.75000E-03,-238.69347E-03
+540.80000E-03,-201.00503E-03
+540.85000E-03,-201.00503E-03
+540.90000E-03,-201.00503E-03
+540.95000E-03,-351.75880E-03
+541.00000E-03,-201.00503E-03
+541.05000E-03,-201.00503E-03
+541.10000E-03,-201.00503E-03
+541.15000E-03,-201.00503E-03
+541.20000E-03,-201.00503E-03
+541.25000E-03,-201.00503E-03
+541.30000E-03,-201.00503E-03
+541.35000E-03,-201.00503E-03
+541.40000E-03,-351.75880E-03
+541.45000E-03,-351.75880E-03
+541.50000E-03,-201.00503E-03
+541.55000E-03,-201.00503E-03
+541.60000E-03,-201.00503E-03
+541.65000E-03,-201.00503E-03
+541.70000E-03,-201.00503E-03
+541.75000E-03,-201.00503E-03
+541.80000E-03,-201.00503E-03
+541.85000E-03,-201.00503E-03
+541.90000E-03,-351.75880E-03
+541.95000E-03,-201.00503E-03
+542.00000E-03,-201.00503E-03
+542.05000E-03,-201.00503E-03
+542.10000E-03,-201.00503E-03
+542.15000E-03,-201.00503E-03
+542.20000E-03,-201.00503E-03
+542.25000E-03,-201.00503E-03
+542.30000E-03,-201.00503E-03
+542.35000E-03,-201.00503E-03
+542.40000E-03,-201.00503E-03
+542.45000E-03,-201.00503E-03
+542.50000E-03,-351.75880E-03
+542.55000E-03,-201.00503E-03
+542.60000E-03,-201.00503E-03
+542.65000E-03,-201.00503E-03
+542.70000E-03,-201.00503E-03
+542.75000E-03,-201.00503E-03
+542.80000E-03,-201.00503E-03
+542.85000E-03,-238.69347E-03
+542.90000E-03,-351.75880E-03
+542.95000E-03,-201.00503E-03
+543.00000E-03,-201.00503E-03
+543.05000E-03,-201.00503E-03
+543.10000E-03,-201.00503E-03
+543.15000E-03,-201.00503E-03
+543.20000E-03,-201.00503E-03
+543.25000E-03,-201.00503E-03
+543.30000E-03,-201.00503E-03
+543.35000E-03,-238.69347E-03
+543.40000E-03,-238.69347E-03
+543.45000E-03,-201.00503E-03
+543.50000E-03,-201.00503E-03
+543.55000E-03,-201.00503E-03
+543.60000E-03,-201.00503E-03
+543.65000E-03,-201.00503E-03
+543.70000E-03,-238.69347E-03
+543.75000E-03,-201.00503E-03
+543.80000E-03,-238.69347E-03
+543.85000E-03,-351.75880E-03
+543.90000E-03,-201.00503E-03
+543.95000E-03,-238.69347E-03
+544.00000E-03,-201.00503E-03
+544.05000E-03,-201.00503E-03
+544.10000E-03,-201.00503E-03
+544.15000E-03,-201.00503E-03
+544.20000E-03,-201.00503E-03
+544.25000E-03,-201.00503E-03
+544.30000E-03,-201.00503E-03
+544.35000E-03,-201.00503E-03
+544.40000E-03,-201.00503E-03
+544.45000E-03,-201.00503E-03
+544.50000E-03,-201.00503E-03
+544.55000E-03,-201.00503E-03
+544.60000E-03,-201.00503E-03
+544.65000E-03,-238.69347E-03
+544.70000E-03,-201.00503E-03
+544.75000E-03,-351.75880E-03
+544.80000E-03,-238.69347E-03
+544.85000E-03,-201.00503E-03
+544.90000E-03,-201.00503E-03
+544.95000E-03,-351.75880E-03
+545.00000E-03,-351.75880E-03
+545.05000E-03,-201.00503E-03
+545.10000E-03,-351.75880E-03
+545.15000E-03,-201.00503E-03
+545.20000E-03,-201.00503E-03
+545.25000E-03,-201.00503E-03
+545.30000E-03,-201.00503E-03
+545.35000E-03,-351.75880E-03
+545.40000E-03,-201.00503E-03
+545.45000E-03,-351.75880E-03
+545.50000E-03,-201.00503E-03
+545.55000E-03,-201.00503E-03
+545.60000E-03,-201.00503E-03
+545.65000E-03,-201.00503E-03
+545.70000E-03,-201.00503E-03
+545.75000E-03,-201.00503E-03
+545.80000E-03,-201.00503E-03
+545.85000E-03,-351.75880E-03
+545.90000E-03,-351.75880E-03
+545.95000E-03,-201.00503E-03
+546.00000E-03,-351.75880E-03
+546.05000E-03,-201.00503E-03
+546.10000E-03,-201.00503E-03
+546.15000E-03,-351.75880E-03
+546.20000E-03,-201.00503E-03
+546.25000E-03,-201.00503E-03
+546.30000E-03,-238.69347E-03
+546.35000E-03,-201.00503E-03
+546.40000E-03,-201.00503E-03
+546.45000E-03,-201.00503E-03
+546.50000E-03,-201.00503E-03
+546.55000E-03,-238.69347E-03
+546.60000E-03,-201.00503E-03
+546.65000E-03,-238.69347E-03
+546.70000E-03,-201.00503E-03
+546.75000E-03,-201.00503E-03
+546.80000E-03,-201.00503E-03
+546.85000E-03,-201.00503E-03
+546.90000E-03,-201.00503E-03
+546.95000E-03,-201.00503E-03
+547.00000E-03,-238.69347E-03
+547.05000E-03,-201.00503E-03
+547.10000E-03,-351.75880E-03
+547.15000E-03,-351.75880E-03
+547.20000E-03,-351.75880E-03
+547.25000E-03,-201.00503E-03
+547.30000E-03,-201.00503E-03
+547.35000E-03,-238.69347E-03
+547.40000E-03,-201.00503E-03
+547.45000E-03,-201.00503E-03
+547.50000E-03,-201.00503E-03
+547.55000E-03,-351.75880E-03
+547.60000E-03,-201.00503E-03
+547.65000E-03,-238.69347E-03
+547.70000E-03,-238.69347E-03
+547.75000E-03,-201.00503E-03
+547.80000E-03,-351.75880E-03
+547.85000E-03,-351.75880E-03
+547.90000E-03,-351.75880E-03
+547.95000E-03,-351.75880E-03
+548.00000E-03,-201.00503E-03
+548.05000E-03,-201.00503E-03
+548.10000E-03,-238.69347E-03
+548.15000E-03,-351.75880E-03
+548.20000E-03,-201.00503E-03
+548.25000E-03,-201.00503E-03
+548.30000E-03,-201.00503E-03
+548.35000E-03,-201.00503E-03
+548.40000E-03,-201.00503E-03
+548.45000E-03,-201.00503E-03
+548.50000E-03,-201.00503E-03
+548.55000E-03,-238.69347E-03
+548.60000E-03,-201.00503E-03
+548.65000E-03,-201.00503E-03
+548.70000E-03,-351.75880E-03
+548.75000E-03,-201.00503E-03
+548.80000E-03,-201.00503E-03
+548.85000E-03,-201.00503E-03
+548.90000E-03,-201.00503E-03
+548.95000E-03,-201.00503E-03
+549.00000E-03,-201.00503E-03
+549.05000E-03,-201.00503E-03
+549.10000E-03,-37.68844E-03
+549.15000E-03,-201.00503E-03
+549.20000E-03,-201.00503E-03
+549.25000E-03,-201.00503E-03
+549.30000E-03,-201.00503E-03
+549.35000E-03,-201.00503E-03
+549.40000E-03,-201.00503E-03
+549.45000E-03,-201.00503E-03
+549.50000E-03,-201.00503E-03
+549.55000E-03,-402.01005E-03
+549.60000E-03,-201.00503E-03
+549.65000E-03,-201.00503E-03
+549.70000E-03,-201.00503E-03
+549.75000E-03,-201.00503E-03
+549.80000E-03,-201.00503E-03
+549.85000E-03,-201.00503E-03
+549.90000E-03,-201.00503E-03
+549.95000E-03,-351.75880E-03
+550.00000E-03,-238.69347E-03
+550.05000E-03,-351.75880E-03
+550.10000E-03,-201.00503E-03
+550.15000E-03,-201.00503E-03
+550.20000E-03,-351.75880E-03
+550.25000E-03,-201.00503E-03
+550.30000E-03,-201.00503E-03
+550.35000E-03,-201.00503E-03
+550.40000E-03,-201.00503E-03
+550.45000E-03,-201.00503E-03
+550.50000E-03,-238.69347E-03
+550.55000E-03,-201.00503E-03
+550.60000E-03,-201.00503E-03
+550.65000E-03,-201.00503E-03
+550.70000E-03,-201.00503E-03
+550.75000E-03,-238.69347E-03
+550.80000E-03,-201.00503E-03
+550.85000E-03,-238.69347E-03
+550.90000E-03,-201.00503E-03
+550.95000E-03,-201.00503E-03
+551.00000E-03,-201.00503E-03
+551.05000E-03,-201.00503E-03
+551.10000E-03,-238.69347E-03
+551.15000E-03,-238.69347E-03
+551.20000E-03,-201.00503E-03
+551.25000E-03,-201.00503E-03
+551.30000E-03,-351.75880E-03
+551.35000E-03,-201.00503E-03
+551.40000E-03,-238.69347E-03
+551.45000E-03,-201.00503E-03
+551.50000E-03,-201.00503E-03
+551.55000E-03,-201.00503E-03
+551.60000E-03,-201.00503E-03
+551.65000E-03,-201.00503E-03
+551.70000E-03,-201.00503E-03
+551.75000E-03,-238.69347E-03
+551.80000E-03,-201.00503E-03
+551.85000E-03,-201.00503E-03
+551.90000E-03,-201.00503E-03
+551.95000E-03,-201.00503E-03
+552.00000E-03,-201.00503E-03
+552.05000E-03,-201.00503E-03
+552.10000E-03,-201.00503E-03
+552.15000E-03,-201.00503E-03
+552.20000E-03,-201.00503E-03
+552.25000E-03,-201.00503E-03
+552.30000E-03,-201.00503E-03
+552.35000E-03,-238.69347E-03
+552.40000E-03,-201.00503E-03
+552.45000E-03,-201.00503E-03
+552.50000E-03,-201.00503E-03
+552.55000E-03,-201.00503E-03
+552.60000E-03,-201.00503E-03
+552.65000E-03,-351.75880E-03
+552.70000E-03,-201.00503E-03
+552.75000E-03,-201.00503E-03
+552.80000E-03,-201.00503E-03
+552.85000E-03,-201.00503E-03
+552.90000E-03,-201.00503E-03
+552.95000E-03,-201.00503E-03
+553.00000E-03,-201.00503E-03
+553.05000E-03,-201.00503E-03
+553.10000E-03,-201.00503E-03
+553.15000E-03,-201.00503E-03
+553.20000E-03,-201.00503E-03
+553.25000E-03,-201.00503E-03
+553.30000E-03,-201.00503E-03
+553.35000E-03,-201.00503E-03
+553.40000E-03,-201.00503E-03
+553.45000E-03,-351.75880E-03
+553.50000E-03,-201.00503E-03
+553.55000E-03,-201.00503E-03
+553.60000E-03,-201.00503E-03
+553.65000E-03,-351.75880E-03
+553.70000E-03,-201.00503E-03
+553.75000E-03,-238.69347E-03
+553.80000E-03,-351.75880E-03
+553.85000E-03,-201.00503E-03
+553.90000E-03,-201.00503E-03
+553.95000E-03,-238.69347E-03
+554.00000E-03,-201.00503E-03
+554.05000E-03,-201.00503E-03
+554.10000E-03,-201.00503E-03
+554.15000E-03,-238.69347E-03
+554.20000E-03,-201.00503E-03
+554.25000E-03,-201.00503E-03
+554.30000E-03,-201.00503E-03
+554.35000E-03,-201.00503E-03
+554.40000E-03,-201.00503E-03
+554.45000E-03,-201.00503E-03
+554.50000E-03,-201.00503E-03
+554.55000E-03,-201.00503E-03
+554.60000E-03,-201.00503E-03
+554.65000E-03,-238.69347E-03
+554.70000E-03,-351.75880E-03
+554.75000E-03,-201.00503E-03
+554.80000E-03,-201.00503E-03
+554.85000E-03,-201.00503E-03
+554.90000E-03,-238.69347E-03
+554.95000E-03,-201.00503E-03
+555.00000E-03,-351.75880E-03
+555.05000E-03,-201.00503E-03
+555.10000E-03,-201.00503E-03
+555.15000E-03,-201.00503E-03
+555.20000E-03,-201.00503E-03
+555.25000E-03,-201.00503E-03
+555.30000E-03,-201.00503E-03
+555.35000E-03,-238.69347E-03
+555.40000E-03,-238.69347E-03
+555.45000E-03,-201.00503E-03
+555.50000E-03,-201.00503E-03
+555.55000E-03,-201.00503E-03
+555.60000E-03,-201.00503E-03
+555.65000E-03,-201.00503E-03
+555.70000E-03,-201.00503E-03
+555.75000E-03,-201.00503E-03
+555.80000E-03,-402.01005E-03
+555.85000E-03,-201.00503E-03
+555.90000E-03,-201.00503E-03
+555.95000E-03,-201.00503E-03
+556.00000E-03,-201.00503E-03
+556.05000E-03,-201.00503E-03
+556.10000E-03,-238.69347E-03
+556.15000E-03,-238.69347E-03
+556.20000E-03,-351.75880E-03
+556.25000E-03,-238.69347E-03
+556.30000E-03,-201.00503E-03
+556.35000E-03,-238.69347E-03
+556.40000E-03,-351.75880E-03
+556.45000E-03,-201.00503E-03
+556.50000E-03,-201.00503E-03
+556.55000E-03,-351.75880E-03
+556.60000E-03,-201.00503E-03
+556.65000E-03,-201.00503E-03
+556.70000E-03,-351.75880E-03
+556.75000E-03,-201.00503E-03
+556.80000E-03,-201.00503E-03
+556.85000E-03,-201.00503E-03
+556.90000E-03,-201.00503E-03
+556.95000E-03,-351.75880E-03
+557.00000E-03,-201.00503E-03
+557.05000E-03,-201.00503E-03
+557.10000E-03,-201.00503E-03
+557.15000E-03,-201.00503E-03
+557.20000E-03,-201.00503E-03
+557.25000E-03,-201.00503E-03
+557.30000E-03,-201.00503E-03
+557.35000E-03,-238.69347E-03
+557.40000E-03,-201.00503E-03
+557.45000E-03,-351.75880E-03
+557.50000E-03,-201.00503E-03
+557.55000E-03,-201.00503E-03
+557.60000E-03,-201.00503E-03
+557.65000E-03,-238.69347E-03
+557.70000E-03,-201.00503E-03
+557.75000E-03,-201.00503E-03
+557.80000E-03,-201.00503E-03
+557.85000E-03,-351.75880E-03
+557.90000E-03,-201.00503E-03
+557.95000E-03,-201.00503E-03
+558.00000E-03,-201.00503E-03
+558.05000E-03,-201.00503E-03
+558.10000E-03,-201.00503E-03
+558.15000E-03,-201.00503E-03
+558.20000E-03,-201.00503E-03
+558.25000E-03,-351.75880E-03
+558.30000E-03,-201.00503E-03
+558.35000E-03,-201.00503E-03
+558.40000E-03,-201.00503E-03
+558.45000E-03,-351.75880E-03
+558.50000E-03,-201.00503E-03
+558.55000E-03,-201.00503E-03
+558.60000E-03,-201.00503E-03
+558.65000E-03,-238.69347E-03
+558.70000E-03,-201.00503E-03
+558.75000E-03,-201.00503E-03
+558.80000E-03,-238.69347E-03
+558.85000E-03,-201.00503E-03
+558.90000E-03,-238.69347E-03
+558.95000E-03,-201.00503E-03
+559.00000E-03,-201.00503E-03
+559.05000E-03,-201.00503E-03
+559.10000E-03,-201.00503E-03
+559.15000E-03,-201.00503E-03
+559.20000E-03,-201.00503E-03
+559.25000E-03,-201.00503E-03
+559.30000E-03,-201.00503E-03
+559.35000E-03,-201.00503E-03
+559.40000E-03,-201.00503E-03
+559.45000E-03,-201.00503E-03
+559.50000E-03,-201.00503E-03
+559.55000E-03,-201.00503E-03
+559.60000E-03,-201.00503E-03
+559.65000E-03,-201.00503E-03
+559.70000E-03,-201.00503E-03
+559.75000E-03,-238.69347E-03
+559.80000E-03,-201.00503E-03
+559.85000E-03,-201.00503E-03
+559.90000E-03,-351.75880E-03
+559.95000E-03,-238.69347E-03
+560.00000E-03,-201.00503E-03
+560.05000E-03,-238.69347E-03
+560.10000E-03,-201.00503E-03
+560.15000E-03,-201.00503E-03
+560.20000E-03,-201.00503E-03
+560.25000E-03,-201.00503E-03
+560.30000E-03,-201.00503E-03
+560.35000E-03,-201.00503E-03
+560.40000E-03,-201.00503E-03
+560.45000E-03,-238.69347E-03
+560.50000E-03,-201.00503E-03
+560.55000E-03,-201.00503E-03
+560.60000E-03,-201.00503E-03
+560.65000E-03,-201.00503E-03
+560.70000E-03,-238.69347E-03
+560.75000E-03,-201.00503E-03
+560.80000E-03,-201.00503E-03
+560.85000E-03,-201.00503E-03
+560.90000E-03,-201.00503E-03
+560.95000E-03,-201.00503E-03
+561.00000E-03,-238.69347E-03
+561.05000E-03,-351.75880E-03
+561.10000E-03,-201.00503E-03
+561.15000E-03,-238.69347E-03
+561.20000E-03,-351.75880E-03
+561.25000E-03,-201.00503E-03
+561.30000E-03,-351.75880E-03
+561.35000E-03,-201.00503E-03
+561.40000E-03,-201.00503E-03
+561.45000E-03,-201.00503E-03
+561.50000E-03,-201.00503E-03
+561.55000E-03,-402.01005E-03
+561.60000E-03,-351.75880E-03
+561.65000E-03,-201.00503E-03
+561.70000E-03,-238.69347E-03
+561.75000E-03,-201.00503E-03
+561.80000E-03,-201.00503E-03
+561.85000E-03,-201.00503E-03
+561.90000E-03,-201.00503E-03
+561.95000E-03,-201.00503E-03
+562.00000E-03,-201.00503E-03
+562.05000E-03,-201.00503E-03
+562.10000E-03,-201.00503E-03
+562.15000E-03,-402.01005E-03
+562.20000E-03,-238.69347E-03
+562.25000E-03,-201.00503E-03
+562.30000E-03,-201.00503E-03
+562.35000E-03,-201.00503E-03
+562.40000E-03,-201.00503E-03
+562.45000E-03,-201.00503E-03
+562.50000E-03,-201.00503E-03
+562.55000E-03,-201.00503E-03
+562.60000E-03,-201.00503E-03
+562.65000E-03,-201.00503E-03
+562.70000E-03,-201.00503E-03
+562.75000E-03,-351.75880E-03
+562.80000E-03,-201.00503E-03
+562.85000E-03,-201.00503E-03
+562.90000E-03,-201.00503E-03
+562.95000E-03,-201.00503E-03
+563.00000E-03,-351.75880E-03
+563.05000E-03,-201.00503E-03
+563.10000E-03,-201.00503E-03
+563.15000E-03,-238.69347E-03
+563.20000E-03,-238.69347E-03
+563.25000E-03,-201.00503E-03
+563.30000E-03,-201.00503E-03
+563.35000E-03,-201.00503E-03
+563.40000E-03,-201.00503E-03
+563.45000E-03,-402.01005E-03
+563.50000E-03,-201.00503E-03
+563.55000E-03,-201.00503E-03
+563.60000E-03,-238.69347E-03
+563.65000E-03,-201.00503E-03
+563.70000E-03,-351.75880E-03
+563.75000E-03,-201.00503E-03
+563.80000E-03,-201.00503E-03
+563.85000E-03,-201.00503E-03
+563.90000E-03,-201.00503E-03
+563.95000E-03,-201.00503E-03
+564.00000E-03,-201.00503E-03
+564.05000E-03,-238.69347E-03
+564.10000E-03,-201.00503E-03
+564.15000E-03,-201.00503E-03
+564.20000E-03,-201.00503E-03
+564.25000E-03,-351.75880E-03
+564.30000E-03,-201.00503E-03
+564.35000E-03,-351.75880E-03
+564.40000E-03,-201.00503E-03
+564.45000E-03,-201.00503E-03
+564.50000E-03,-201.00503E-03
+564.55000E-03,-238.69347E-03
+564.60000E-03,-201.00503E-03
+564.65000E-03,-201.00503E-03
+564.70000E-03,-201.00503E-03
+564.75000E-03,-201.00503E-03
+564.80000E-03,-351.75880E-03
+564.85000E-03,-351.75880E-03
+564.90000E-03,-201.00503E-03
+564.95000E-03,-201.00503E-03
+565.00000E-03,-238.69347E-03
+565.05000E-03,-201.00503E-03
+565.10000E-03,-201.00503E-03
+565.15000E-03,-201.00503E-03
+565.20000E-03,-238.69347E-03
+565.25000E-03,-201.00503E-03
+565.30000E-03,-201.00503E-03
+565.35000E-03,-201.00503E-03
+565.40000E-03,-201.00503E-03
+565.45000E-03,-201.00503E-03
+565.50000E-03,-201.00503E-03
+565.55000E-03,-201.00503E-03
+565.60000E-03,-201.00503E-03
+565.65000E-03,-238.69347E-03
+565.70000E-03,-201.00503E-03
+565.75000E-03,-351.75880E-03
+565.80000E-03,-201.00503E-03
+565.85000E-03,-201.00503E-03
+565.90000E-03,-201.00503E-03
+565.95000E-03,-201.00503E-03
+566.00000E-03,-351.75880E-03
+566.05000E-03,-238.69347E-03
+566.10000E-03,-351.75880E-03
+566.15000E-03,-201.00503E-03
+566.20000E-03,-201.00503E-03
+566.25000E-03,-201.00503E-03
+566.30000E-03,-201.00503E-03
+566.35000E-03,-201.00503E-03
+566.40000E-03,-238.69347E-03
+566.45000E-03,-201.00503E-03
+566.50000E-03,-201.00503E-03
+566.55000E-03,-201.00503E-03
+566.60000E-03,-201.00503E-03
+566.65000E-03,-201.00503E-03
+566.70000E-03,-201.00503E-03
+566.75000E-03,-201.00503E-03
+566.80000E-03,-201.00503E-03
+566.85000E-03,-201.00503E-03
+566.90000E-03,-201.00503E-03
+566.95000E-03,-201.00503E-03
+567.00000E-03,-201.00503E-03
+567.05000E-03,-201.00503E-03
+567.10000E-03,-201.00503E-03
+567.15000E-03,-201.00503E-03
+567.20000E-03,-351.75880E-03
+567.25000E-03,-238.69347E-03
+567.30000E-03,-201.00503E-03
+567.35000E-03,-238.69347E-03
+567.40000E-03,-201.00503E-03
+567.45000E-03,-201.00503E-03
+567.50000E-03,-201.00503E-03
+567.55000E-03,-201.00503E-03
+567.60000E-03,-351.75880E-03
+567.65000E-03,-402.01005E-03
+567.70000E-03,-201.00503E-03
+567.75000E-03,-201.00503E-03
+567.80000E-03,-201.00503E-03
+567.85000E-03,-201.00503E-03
+567.90000E-03,-201.00503E-03
+567.95000E-03,-201.00503E-03
+568.00000E-03,-238.69347E-03
+568.05000E-03,-201.00503E-03
+568.10000E-03,-201.00503E-03
+568.15000E-03,-201.00503E-03
+568.20000E-03,-351.75880E-03
+568.25000E-03,-201.00503E-03
+568.30000E-03,-201.00503E-03
+568.35000E-03,-351.75880E-03
+568.40000E-03,-201.00503E-03
+568.45000E-03,-201.00503E-03
+568.50000E-03,-201.00503E-03
+568.55000E-03,-201.00503E-03
+568.60000E-03,-201.00503E-03
+568.65000E-03,-201.00503E-03
+568.70000E-03,-201.00503E-03
+568.75000E-03,-238.69347E-03
+568.80000E-03,-201.00503E-03
+568.85000E-03,-201.00503E-03
+568.90000E-03,-351.75880E-03
+568.95000E-03,-351.75880E-03
+569.00000E-03,-201.00503E-03
+569.05000E-03,-201.00503E-03
+569.10000E-03,-238.69347E-03
+569.15000E-03,-201.00503E-03
+569.20000E-03,-201.00503E-03
+569.25000E-03,-201.00503E-03
+569.30000E-03,-201.00503E-03
+569.35000E-03,-201.00503E-03
+569.40000E-03,-351.75880E-03
+569.45000E-03,-201.00503E-03
+569.50000E-03,-201.00503E-03
+569.55000E-03,-201.00503E-03
+569.60000E-03,-201.00503E-03
+569.65000E-03,-201.00503E-03
+569.70000E-03,-238.69347E-03
+569.75000E-03,-201.00503E-03
+569.80000E-03,-201.00503E-03
+569.85000E-03,-201.00503E-03
+569.90000E-03,-201.00503E-03
+569.95000E-03,-201.00503E-03
+570.00000E-03,-201.00503E-03
+570.05000E-03,-201.00503E-03
+570.10000E-03,-238.69347E-03
+570.15000E-03,-351.75880E-03
+570.20000E-03,-201.00503E-03
+570.25000E-03,-201.00503E-03
+570.30000E-03,-201.00503E-03
+570.35000E-03,-201.00503E-03
+570.40000E-03,-201.00503E-03
+570.45000E-03,-201.00503E-03
+570.50000E-03,-201.00503E-03
+570.55000E-03,-201.00503E-03
+570.60000E-03,-201.00503E-03
+570.65000E-03,-201.00503E-03
+570.70000E-03,-201.00503E-03
+570.75000E-03,-201.00503E-03
+570.80000E-03,-201.00503E-03
+570.85000E-03,-201.00503E-03
+570.90000E-03,-201.00503E-03
+570.95000E-03,-201.00503E-03
+571.00000E-03,-201.00503E-03
+571.05000E-03,-201.00503E-03
+571.10000E-03,-238.69347E-03
+571.15000E-03,-201.00503E-03
+571.20000E-03,-238.69347E-03
+571.25000E-03,-201.00503E-03
+571.30000E-03,-201.00503E-03
+571.35000E-03,-351.75880E-03
+571.40000E-03,-201.00503E-03
+571.45000E-03,-201.00503E-03
+571.50000E-03,-351.75880E-03
+571.55000E-03,-201.00503E-03
+571.60000E-03,-238.69347E-03
+571.65000E-03,-201.00503E-03
+571.70000E-03,-201.00503E-03
+571.75000E-03,-201.00503E-03
+571.80000E-03,-201.00503E-03
+571.85000E-03,-201.00503E-03
+571.90000E-03,-201.00503E-03
+571.95000E-03,-201.00503E-03
+572.00000E-03,-238.69347E-03
+572.05000E-03,-201.00503E-03
+572.10000E-03,-201.00503E-03
+572.15000E-03,-201.00503E-03
+572.20000E-03,-201.00503E-03
+572.25000E-03,-201.00503E-03
+572.30000E-03,-201.00503E-03
+572.35000E-03,-238.69347E-03
+572.40000E-03,-201.00503E-03
+572.45000E-03,-201.00503E-03
+572.50000E-03,-201.00503E-03
+572.55000E-03,-201.00503E-03
+572.60000E-03,-201.00503E-03
+572.65000E-03,-201.00503E-03
+572.70000E-03,-201.00503E-03
+572.75000E-03,-238.69347E-03
+572.80000E-03,-201.00503E-03
+572.85000E-03,-201.00503E-03
+572.90000E-03,-351.75880E-03
+572.95000E-03,-201.00503E-03
+573.00000E-03,-351.75880E-03
+573.05000E-03,-201.00503E-03
+573.10000E-03,-201.00503E-03
+573.15000E-03,-238.69347E-03
+573.20000E-03,-201.00503E-03
+573.25000E-03,-238.69347E-03
+573.30000E-03,-201.00503E-03
+573.35000E-03,-201.00503E-03
+573.40000E-03,-201.00503E-03
+573.45000E-03,-238.69347E-03
+573.50000E-03,-201.00503E-03
+573.55000E-03,-201.00503E-03
+573.60000E-03,-201.00503E-03
+573.65000E-03,-201.00503E-03
+573.70000E-03,-351.75880E-03
+573.75000E-03,-201.00503E-03
+573.80000E-03,-201.00503E-03
+573.85000E-03,-201.00503E-03
+573.90000E-03,-201.00503E-03
+573.95000E-03,-238.69347E-03
+574.00000E-03,-351.75880E-03
+574.05000E-03,-201.00503E-03
+574.10000E-03,-351.75880E-03
+574.15000E-03,-201.00503E-03
+574.20000E-03,-201.00503E-03
+574.25000E-03,-201.00503E-03
+574.30000E-03,-201.00503E-03
+574.35000E-03,-402.01005E-03
+574.40000E-03,-238.69347E-03
+574.45000E-03,-201.00503E-03
+574.50000E-03,-238.69347E-03
+574.55000E-03,-201.00503E-03
+574.60000E-03,-201.00503E-03
+574.65000E-03,-201.00503E-03
+574.70000E-03,-201.00503E-03
+574.75000E-03,-238.69347E-03
+574.80000E-03,-201.00503E-03
+574.85000E-03,-201.00503E-03
+574.90000E-03,-351.75880E-03
+574.95000E-03,-201.00503E-03
+575.00000E-03,-201.00503E-03
+575.05000E-03,-201.00503E-03
+575.10000E-03,-238.69347E-03
+575.15000E-03,-351.75880E-03
+575.20000E-03,-238.69347E-03
+575.25000E-03,-201.00503E-03
+575.30000E-03,-351.75880E-03
+575.35000E-03,-201.00503E-03
+575.40000E-03,-201.00503E-03
+575.45000E-03,-201.00503E-03
+575.50000E-03,-201.00503E-03
+575.55000E-03,-201.00503E-03
+575.60000E-03,-351.75880E-03
+575.65000E-03,-201.00503E-03
+575.70000E-03,-201.00503E-03
+575.75000E-03,-238.69347E-03
+575.80000E-03,-201.00503E-03
+575.85000E-03,-201.00503E-03
+575.90000E-03,-351.75880E-03
+575.95000E-03,-201.00503E-03
+576.00000E-03,-201.00503E-03
+576.05000E-03,-201.00503E-03
+576.10000E-03,-201.00503E-03
+576.15000E-03,-201.00503E-03
+576.20000E-03,-201.00503E-03
+576.25000E-03,-201.00503E-03
+576.30000E-03,-201.00503E-03
+576.35000E-03,-238.69347E-03
+576.40000E-03,-201.00503E-03
+576.45000E-03,-201.00503E-03
+576.50000E-03,-201.00503E-03
+576.55000E-03,-201.00503E-03
+576.60000E-03,-351.75880E-03
+576.65000E-03,-238.69347E-03
+576.70000E-03,-351.75880E-03
+576.75000E-03,-351.75880E-03
+576.80000E-03,-201.00503E-03
+576.85000E-03,-238.69347E-03
+576.90000E-03,-402.01005E-03
+576.95000E-03,-238.69347E-03
+577.00000E-03,-201.00503E-03
+577.05000E-03,-238.69347E-03
+577.10000E-03,-402.01005E-03
+577.15000E-03,-402.01005E-03
+577.20000E-03,-402.01005E-03
+577.25000E-03,-402.01005E-03
+577.30000E-03,-402.01005E-03
+577.35000E-03,-402.01005E-03
+577.40000E-03,-402.01005E-03
+577.45000E-03,-402.01005E-03
+577.50000E-03,-402.01005E-03
+577.55000E-03,-238.69347E-03
+577.60000E-03,-351.75880E-03
+577.65000E-03,-201.00503E-03
+577.70000E-03,-402.01005E-03
+577.75000E-03,-201.00503E-03
+577.80000E-03,-201.00503E-03
+577.85000E-03,-201.00503E-03
+577.90000E-03,-201.00503E-03
+577.95000E-03,-201.00503E-03
+578.00000E-03,-201.00503E-03
+578.05000E-03,-238.69347E-03
+578.10000E-03,-238.69347E-03
+578.15000E-03,-201.00503E-03
+578.20000E-03,-201.00503E-03
+578.25000E-03,-238.69347E-03
+578.30000E-03,-201.00503E-03
+578.35000E-03,-238.69347E-03
+578.40000E-03,-201.00503E-03
+578.45000E-03,-238.69347E-03
+578.50000E-03,-201.00503E-03
+578.55000E-03,-201.00503E-03
+578.60000E-03,-351.75880E-03
+578.65000E-03,-201.00503E-03
+578.70000E-03,-351.75880E-03
+578.75000E-03,-201.00503E-03
+578.80000E-03,-201.00503E-03
+578.85000E-03,-238.69347E-03
+578.90000E-03,-238.69347E-03
+578.95000E-03,-238.69347E-03
+579.00000E-03,-201.00503E-03
+579.05000E-03,-201.00503E-03
+579.10000E-03,-201.00503E-03
+579.15000E-03,-238.69347E-03
+579.20000E-03,-351.75880E-03
+579.25000E-03,-201.00503E-03
+579.30000E-03,-402.01005E-03
+579.35000E-03,-351.75880E-03
+579.40000E-03,-238.69347E-03
+579.45000E-03,-201.00503E-03
+579.50000E-03,-201.00503E-03
+579.55000E-03,-238.69347E-03
+579.60000E-03,-201.00503E-03
+579.65000E-03,-351.75880E-03
+579.70000E-03,-402.01005E-03
+579.75000E-03,-238.69347E-03
+579.80000E-03,-351.75880E-03
+579.85000E-03,-238.69347E-03
+579.90000E-03,-402.01005E-03
+579.95000E-03,-402.01005E-03
+580.00000E-03,-351.75880E-03
+580.05000E-03,-402.01005E-03
+580.10000E-03,-402.01005E-03
+580.15000E-03,-351.75880E-03
+580.20000E-03,-402.01005E-03
+580.25000E-03,-402.01005E-03
+580.30000E-03,-238.69347E-03
+580.35000E-03,-351.75880E-03
+580.40000E-03,-351.75880E-03
+580.45000E-03,-402.01005E-03
+580.50000E-03,-402.01005E-03
+580.55000E-03,-351.75880E-03
+580.60000E-03,-402.01005E-03
+580.65000E-03,-402.01005E-03
+580.70000E-03,-402.01005E-03
+580.75000E-03,-402.01005E-03
+580.80000E-03,-402.01005E-03
+580.85000E-03,-402.01005E-03
+580.90000E-03,-351.75880E-03
+580.95000E-03,-402.01005E-03
+581.00000E-03,-552.76382E-03
+581.05000E-03,-402.01005E-03
+581.10000E-03,-439.69850E-03
+581.15000E-03,-402.01005E-03
+581.20000E-03,-402.01005E-03
+581.25000E-03,-439.69850E-03
+581.30000E-03,-402.01005E-03
+581.35000E-03,-402.01005E-03
+581.40000E-03,-402.01005E-03
+581.45000E-03,-402.01005E-03
+581.50000E-03,-402.01005E-03
+581.55000E-03,-402.01005E-03
+581.60000E-03,-201.00503E-03
+581.65000E-03,-402.01005E-03
+581.70000E-03,-402.01005E-03
+581.75000E-03,-351.75880E-03
+581.80000E-03,-402.01005E-03
+581.85000E-03,-402.01005E-03
+581.90000E-03,-201.00503E-03
+581.95000E-03,-402.01005E-03
+582.00000E-03,-351.75880E-03
+582.05000E-03,-201.00503E-03
+582.10000E-03,-402.01005E-03
+582.15000E-03,-351.75880E-03
+582.20000E-03,-201.00503E-03
+582.25000E-03,-402.01005E-03
+582.30000E-03,-402.01005E-03
+582.35000E-03,-402.01005E-03
+582.40000E-03,-351.75880E-03
+582.45000E-03,-402.01005E-03
+582.50000E-03,-238.69347E-03
+582.55000E-03,-238.69347E-03
+582.60000E-03,-201.00503E-03
+582.65000E-03,-402.01005E-03
+582.70000E-03,-201.00503E-03
+582.75000E-03,-402.01005E-03
+582.80000E-03,-402.01005E-03
+582.85000E-03,-351.75880E-03
+582.90000E-03,-351.75880E-03
+582.95000E-03,-402.01005E-03
+583.00000E-03,-351.75880E-03
+583.05000E-03,-402.01005E-03
+583.10000E-03,-402.01005E-03
+583.15000E-03,-402.01005E-03
+583.20000E-03,-402.01005E-03
+583.25000E-03,-402.01005E-03
+583.30000E-03,-402.01005E-03
+583.35000E-03,-351.75880E-03
+583.40000E-03,-402.01005E-03
+583.45000E-03,-238.69347E-03
+583.50000E-03,-402.01005E-03
+583.55000E-03,-351.75880E-03
+583.60000E-03,-402.01005E-03
+583.65000E-03,-402.01005E-03
+583.70000E-03,-402.01005E-03
+583.75000E-03,-402.01005E-03
+583.80000E-03,-238.69347E-03
+583.85000E-03,-402.01005E-03
+583.90000E-03,-402.01005E-03
+583.95000E-03,-402.01005E-03
+584.00000E-03,-402.01005E-03
+584.05000E-03,-402.01005E-03
+584.10000E-03,-402.01005E-03
+584.15000E-03,-402.01005E-03
+584.20000E-03,-402.01005E-03
+584.25000E-03,-402.01005E-03
+584.30000E-03,-402.01005E-03
+584.35000E-03,-402.01005E-03
+584.40000E-03,-402.01005E-03
+584.45000E-03,-552.76382E-03
+584.50000E-03,-402.01005E-03
+584.55000E-03,-402.01005E-03
+584.60000E-03,-439.69850E-03
+584.65000E-03,-402.01005E-03
+584.70000E-03,-402.01005E-03
+584.75000E-03,-603.01508E-03
+584.80000E-03,-603.01508E-03
+584.85000E-03,-603.01508E-03
+584.90000E-03,-439.69850E-03
+584.95000E-03,-552.76382E-03
+585.00000E-03,-552.76382E-03
+585.05000E-03,-439.69850E-03
+585.10000E-03,-552.76382E-03
+585.15000E-03,-402.01005E-03
+585.20000E-03,-603.01508E-03
+585.25000E-03,-603.01508E-03
+585.30000E-03,-603.01508E-03
+585.35000E-03,-603.01508E-03
+585.40000E-03,-603.01508E-03
+585.45000E-03,-753.76885E-03
+585.50000E-03,-753.76885E-03
+585.55000E-03,-804.02011E-03
+585.60000E-03,-804.02011E-03
+585.65000E-03,-841.70855E-03
+585.70000E-03,-1.00502513E+00
+585.75000E-03,-1.20603016E+00
+585.80000E-03,-1.40703519E+00
+585.85000E-03,-1.60804021E+00
+585.90000E-03,-1.80904524E+00
+585.95000E-03,-1.80904524E+00
+586.00000E-03,-1.75879398E+00
+586.05000E-03,-2.16080404E+00
+586.10000E-03,-3.01507540E+00
+586.15000E-03,-3.21608043E+00
+586.20000E-03,-3.21608043E+00
+586.25000E-03,-3.61809048E+00
+586.30000E-03,-3.81909551E+00
+586.35000E-03,-3.61809048E+00
+586.40000E-03,-3.81909551E+00
+586.45000E-03,-4.22110556E+00
+586.50000E-03,-4.82412064E+00
+586.55000E-03,-5.22613069E+00
+586.60000E-03,-5.82914577E+00
+586.65000E-03,-6.63316588E+00
+586.70000E-03,-7.23618096E+00
+586.75000E-03,-7.83919604E+00
+586.80000E-03,-8.84422117E+00
+586.85000E-03,-9.84924631E+00
+586.90000E-03,-11.05527647E+00
+586.95000E-03,-11.65829155E+00
+587.00000E-03,-12.41206040E+00
+587.05000E-03,-12.90201015E+00
+587.10000E-03,-13.46733679E+00
+587.15000E-03,-13.50502523E+00
+587.20000E-03,-13.26633176E+00
+587.25000E-03,-12.81407045E+00
+587.30000E-03,-12.21105537E+00
+587.35000E-03,-11.45728652E+00
+587.40000E-03,-10.65326642E+00
+587.45000E-03,-9.88693475E+00
+587.50000E-03,-9.24623123E+00
+587.55000E-03,-8.47989956E+00
+587.60000E-03,-7.83919604E+00
+587.65000E-03,-7.43718599E+00
+587.70000E-03,-7.03517593E+00
+587.75000E-03,-6.83417091E+00
+587.80000E-03,-7.03517593E+00
+587.85000E-03,-8.64321615E+00
+587.90000E-03,-8.44221112E+00
+587.95000E-03,-5.62814075E+00
+588.00000E-03,-6.43216085E+00
+588.05000E-03,-3.61809048E+00
+588.10000E-03,-3.25376887E+00
+588.15000E-03,-2.21105529E+00
+588.20000E-03,-1.40703519E+00
+588.25000E-03,-2.36180906E+00
+588.30000E-03,-2.76381912E+00
+588.35000E-03,-1.80904524E+00
+588.40000E-03,-1.35678393E+00
+588.45000E-03,-1.20603016E+00
+588.50000E-03,-1.00502513E+00
+588.55000E-03,-804.02011E-03
+588.60000E-03,-804.02011E-03
+588.65000E-03,-753.76885E-03
+588.70000E-03,-603.01508E-03
+588.75000E-03,-603.01508E-03
+588.80000E-03,-603.01508E-03
+588.85000E-03,-402.01005E-03
+588.90000E-03,-402.01005E-03
+588.95000E-03,-402.01005E-03
+589.00000E-03,-351.75880E-03
+589.05000E-03,-402.01005E-03
+589.10000E-03,-402.01005E-03
+589.15000E-03,-238.69347E-03
+589.20000E-03,-201.00503E-03
+589.25000E-03,-402.01005E-03
+589.30000E-03,-201.00503E-03
+589.35000E-03,-351.75880E-03
+589.40000E-03,-238.69347E-03
+589.45000E-03,-238.69347E-03
+589.50000E-03,-402.01005E-03
+589.55000E-03,-201.00503E-03
+589.60000E-03,-201.00503E-03
+589.65000E-03,-238.69347E-03
+589.70000E-03,-351.75880E-03
+589.75000E-03,-201.00503E-03
+589.80000E-03,-402.01005E-03
+589.85000E-03,-201.00503E-03
+589.90000E-03,-238.69347E-03
+589.95000E-03,-201.00503E-03
+590.00000E-03,-201.00503E-03
+590.05000E-03,-402.01005E-03
+590.10000E-03,-201.00503E-03
+590.15000E-03,-201.00503E-03
+590.20000E-03,-238.69347E-03
+590.25000E-03,-201.00503E-03
+590.30000E-03,-201.00503E-03
+590.35000E-03,-351.75880E-03
+590.40000E-03,-402.01005E-03
+590.45000E-03,-238.69347E-03
+590.50000E-03,-201.00503E-03
+590.55000E-03,-351.75880E-03
+590.60000E-03,-238.69347E-03
+590.65000E-03,-238.69347E-03
+590.70000E-03,-238.69347E-03
+590.75000E-03,-201.00503E-03
+590.80000E-03,-238.69347E-03
+590.85000E-03,-201.00503E-03
+590.90000E-03,-201.00503E-03
+590.95000E-03,-201.00503E-03
+591.00000E-03,-201.00503E-03
+591.05000E-03,-201.00503E-03
+591.10000E-03,-201.00503E-03
+591.15000E-03,-201.00503E-03
+591.20000E-03,-201.00503E-03
+591.25000E-03,-201.00503E-03
+591.30000E-03,-201.00503E-03
+591.35000E-03,-201.00503E-03
+591.40000E-03,-351.75880E-03
+591.45000E-03,-402.01005E-03
+591.50000E-03,-351.75880E-03
+591.55000E-03,-201.00503E-03
+591.60000E-03,-201.00503E-03
+591.65000E-03,-201.00503E-03
+591.70000E-03,-238.69347E-03
+591.75000E-03,-201.00503E-03
+591.80000E-03,-201.00503E-03
+591.85000E-03,-402.01005E-03
+591.90000E-03,-201.00503E-03
+591.95000E-03,-201.00503E-03
+592.00000E-03,-351.75880E-03
+592.05000E-03,-201.00503E-03
+592.10000E-03,-201.00503E-03
+592.15000E-03,-201.00503E-03
+592.20000E-03,-402.01005E-03
+592.25000E-03,-201.00503E-03
+592.30000E-03,-201.00503E-03
+592.35000E-03,-238.69347E-03
+592.40000E-03,-201.00503E-03
+592.45000E-03,-201.00503E-03
+592.50000E-03,-238.69347E-03
+592.55000E-03,-201.00503E-03
+592.60000E-03,-351.75880E-03
+592.65000E-03,-201.00503E-03
+592.70000E-03,-201.00503E-03
+592.75000E-03,-201.00503E-03
+592.80000E-03,-201.00503E-03
+592.85000E-03,-201.00503E-03
+592.90000E-03,-201.00503E-03
+592.95000E-03,-201.00503E-03
+593.00000E-03,-351.75880E-03
+593.05000E-03,-351.75880E-03
+593.10000E-03,-201.00503E-03
+593.15000E-03,-201.00503E-03
+593.20000E-03,-201.00503E-03
+593.25000E-03,-351.75880E-03
+593.30000E-03,-351.75880E-03
+593.35000E-03,-201.00503E-03
+593.40000E-03,-201.00503E-03
+593.45000E-03,-238.69347E-03
+593.50000E-03,-201.00503E-03
+593.55000E-03,-201.00503E-03
+593.60000E-03,-201.00503E-03
+593.65000E-03,-201.00503E-03
+593.70000E-03,-351.75880E-03
+593.75000E-03,-201.00503E-03
+593.80000E-03,-201.00503E-03
+593.85000E-03,-201.00503E-03
+593.90000E-03,-201.00503E-03
+593.95000E-03,-201.00503E-03
+594.00000E-03,-402.01005E-03
+594.05000E-03,-201.00503E-03
+594.10000E-03,-201.00503E-03
+594.15000E-03,-351.75880E-03
+594.20000E-03,-201.00503E-03
+594.25000E-03,-201.00503E-03
+594.30000E-03,-201.00503E-03
+594.35000E-03,-201.00503E-03
+594.40000E-03,-201.00503E-03
+594.45000E-03,-238.69347E-03
+594.50000E-03,-238.69347E-03
+594.55000E-03,-201.00503E-03
+594.60000E-03,-201.00503E-03
+594.65000E-03,-201.00503E-03
+594.70000E-03,-402.01005E-03
+594.75000E-03,-201.00503E-03
+594.80000E-03,-201.00503E-03
+594.85000E-03,-201.00503E-03
+594.90000E-03,-201.00503E-03
+594.95000E-03,-201.00503E-03
+595.00000E-03,-238.69347E-03
+595.05000E-03,-201.00503E-03
+595.10000E-03,-201.00503E-03
+595.15000E-03,-201.00503E-03
+595.20000E-03,-201.00503E-03
+595.25000E-03,-201.00503E-03
+595.30000E-03,-201.00503E-03
+595.35000E-03,-201.00503E-03
+595.40000E-03,-201.00503E-03
+595.45000E-03,-201.00503E-03
+595.50000E-03,-351.75880E-03
+595.55000E-03,-201.00503E-03
+595.60000E-03,-201.00503E-03
+595.65000E-03,-201.00503E-03
+595.70000E-03,-201.00503E-03
+595.75000E-03,-201.00503E-03
+595.80000E-03,-201.00503E-03
+595.85000E-03,-201.00503E-03
+595.90000E-03,-201.00503E-03
+595.95000E-03,-201.00503E-03
+596.00000E-03,-201.00503E-03
+596.05000E-03,-201.00503E-03
+596.10000E-03,-201.00503E-03
+596.15000E-03,-201.00503E-03
+596.20000E-03,-201.00503E-03
+596.25000E-03,-351.75880E-03
+596.30000E-03,-351.75880E-03
+596.35000E-03,-201.00503E-03
+596.40000E-03,-201.00503E-03
+596.45000E-03,-201.00503E-03
+596.50000E-03,-201.00503E-03
+596.55000E-03,-201.00503E-03
+596.60000E-03,-201.00503E-03
+596.65000E-03,-201.00503E-03
+596.70000E-03,-201.00503E-03
+596.75000E-03,-238.69347E-03
+596.80000E-03,-238.69347E-03
+596.85000E-03,-201.00503E-03
+596.90000E-03,-351.75880E-03
+596.95000E-03,-201.00503E-03
+597.00000E-03,-201.00503E-03
+597.05000E-03,-201.00503E-03
+597.10000E-03,-201.00503E-03
+597.15000E-03,-201.00503E-03
+597.20000E-03,-201.00503E-03
+597.25000E-03,-201.00503E-03
+597.30000E-03,-201.00503E-03
+597.35000E-03,-201.00503E-03
+597.40000E-03,-201.00503E-03
+597.45000E-03,-201.00503E-03
+597.50000E-03,-201.00503E-03
+597.55000E-03,-201.00503E-03
+597.60000E-03,-351.75880E-03
+597.65000E-03,-402.01005E-03
+597.70000E-03,-201.00503E-03
+597.75000E-03,-201.00503E-03
+597.80000E-03,-201.00503E-03
+597.85000E-03,-201.00503E-03
+597.90000E-03,-238.69347E-03
+597.95000E-03,-201.00503E-03
+598.00000E-03,-238.69347E-03
+598.05000E-03,-201.00503E-03
+598.10000E-03,-201.00503E-03
+598.15000E-03,-238.69347E-03
+598.20000E-03,-201.00503E-03
+598.25000E-03,-238.69347E-03
+598.30000E-03,-238.69347E-03
+598.35000E-03,-201.00503E-03
+598.40000E-03,-201.00503E-03
+598.45000E-03,-201.00503E-03
+598.50000E-03,-351.75880E-03
+598.55000E-03,-201.00503E-03
+598.60000E-03,-201.00503E-03
+598.65000E-03,-201.00503E-03
+598.70000E-03,-201.00503E-03
+598.75000E-03,-201.00503E-03
+598.80000E-03,-201.00503E-03
+598.85000E-03,-201.00503E-03
+598.90000E-03,-351.75880E-03
+598.95000E-03,-201.00503E-03
+599.00000E-03,-201.00503E-03
+599.05000E-03,-201.00503E-03
+599.10000E-03,-201.00503E-03
+599.15000E-03,-351.75880E-03
+599.20000E-03,-201.00503E-03
+599.25000E-03,-351.75880E-03
+599.30000E-03,-201.00503E-03
+599.35000E-03,-201.00503E-03
+599.40000E-03,-201.00503E-03
+599.45000E-03,-201.00503E-03
+599.50000E-03,-201.00503E-03
+599.55000E-03,-201.00503E-03
+599.60000E-03,-201.00503E-03
+599.65000E-03,-201.00503E-03
+599.70000E-03,-201.00503E-03
+599.75000E-03,-351.75880E-03
+599.80000E-03,-201.00503E-03
+599.85000E-03,-351.75880E-03
+599.90000E-03,-351.75880E-03
+599.95000E-03,-238.69347E-03
+600.00000E-03,-238.69347E-03
+600.05000E-03,-402.01005E-03
+600.10000E-03,-238.69347E-03
+600.15000E-03,-201.00503E-03
+600.20000E-03,-201.00503E-03
+600.25000E-03,-201.00503E-03
+600.30000E-03,-238.69347E-03
+600.35000E-03,-201.00503E-03
+600.40000E-03,-238.69347E-03
+600.45000E-03,-351.75880E-03
+600.50000E-03,-402.01005E-03
+600.55000E-03,-201.00503E-03
+600.60000E-03,-238.69347E-03
+600.65000E-03,-201.00503E-03
+600.70000E-03,-351.75880E-03
+600.75000E-03,-201.00503E-03
+600.80000E-03,-238.69347E-03
+600.85000E-03,-201.00503E-03
+600.90000E-03,-201.00503E-03
+600.95000E-03,-201.00503E-03
+601.00000E-03,-201.00503E-03
+601.05000E-03,-201.00503E-03
+601.10000E-03,-201.00503E-03
+601.15000E-03,-238.69347E-03
+601.20000E-03,-201.00503E-03
+601.25000E-03,-201.00503E-03
+601.30000E-03,-351.75880E-03
+601.35000E-03,-351.75880E-03
+601.40000E-03,-201.00503E-03
+601.45000E-03,-201.00503E-03
+601.50000E-03,-201.00503E-03
+601.55000E-03,-238.69347E-03
+601.60000E-03,-238.69347E-03
+601.65000E-03,-201.00503E-03
+601.70000E-03,-351.75880E-03
+601.75000E-03,-201.00503E-03
+601.80000E-03,-201.00503E-03
+601.85000E-03,-201.00503E-03
+601.90000E-03,-201.00503E-03
+601.95000E-03,-201.00503E-03
+602.00000E-03,-402.01005E-03
+602.05000E-03,-201.00503E-03
+602.10000E-03,-201.00503E-03
+602.15000E-03,-201.00503E-03
+602.20000E-03,-201.00503E-03
+602.25000E-03,-201.00503E-03
+602.30000E-03,-201.00503E-03
+602.35000E-03,-201.00503E-03
+602.40000E-03,-201.00503E-03
+602.45000E-03,-201.00503E-03
+602.50000E-03,-201.00503E-03
+602.55000E-03,-351.75880E-03
+602.60000E-03,-201.00503E-03
+602.65000E-03,-351.75880E-03
+602.70000E-03,-201.00503E-03
+602.75000E-03,-201.00503E-03
+602.80000E-03,-238.69347E-03
+602.85000E-03,-201.00503E-03
+602.90000E-03,-201.00503E-03
+602.95000E-03,-201.00503E-03
+603.00000E-03,-201.00503E-03
+603.05000E-03,-351.75880E-03
+603.10000E-03,-238.69347E-03
+603.15000E-03,-201.00503E-03
+603.20000E-03,-201.00503E-03
+603.25000E-03,-351.75880E-03
+603.30000E-03,-201.00503E-03
+603.35000E-03,-201.00503E-03
+603.40000E-03,-201.00503E-03
+603.45000E-03,-351.75880E-03
+603.50000E-03,-201.00503E-03
+603.55000E-03,-351.75880E-03
+603.60000E-03,-351.75880E-03
+603.65000E-03,-238.69347E-03
+603.70000E-03,-201.00503E-03
+603.75000E-03,-201.00503E-03
+603.80000E-03,-201.00503E-03
+603.85000E-03,-201.00503E-03
+603.90000E-03,-201.00503E-03
+603.95000E-03,-238.69347E-03
