x-axis;1
second;Volt
-5,00000004678;0,044598
-4,99500004678;0,044598
-4,99000004678;-0,035804
-4,98500004678;0,044598
-4,98000004678;-0,035804
-4,97500004678;0,044598
-4,97000004678;0,044598
-4,96500004678;0,044598
-4,96000004678;-0,035804
-4,95500004678;-0,035804
-4,95000004678;-0,035804
-4,94500004678;-0,035804
-4,94000004678;-0,035804
-4,93500004678;-0,035804
-4,93000004678;0,044598
-4,92500004678;-0,035804
-4,92000004678;-0,035804
-4,91500004678;-0,035804
-4,91000004678;-0,035804
-4,90500004678;-0,035804
-4,90000004678;0,044598
-4,89500004678;0,044598
-4,89000004678;0,044598
-4,88500004678;-0,035804
-4,88000004678;-0,035804
-4,87500004678;-0,116206
-4,87000004678;-0,035804
-4,86500004678;-0,035804
-4,86000004678;-0,035804
-4,85500004678;-0,035804
-4,85000004678;0,044598
-4,84500004678;-0,035804
-4,84000004678;-0,035804
-4,83500004678;-0,035804
-4,83000004678;-0,035804
-4,82500004678;-0,035804
-4,82000004678;0,044598
-4,81500004678;-0,035804
-4,81000004678;0,044598
-4,80500004678;0,044598
-4,80000004678;0,044598
-4,79500004678;-0,035804
-4,79000004678;0,044598
-4,78500004678;-0,035804
-4,78000004678;0,044598
-4,77500004678;0,044598
-4,77000004678;-0,116206
-4,76500004678;-0,035804
-4,76000004678;-0,035804
-4,75500004678;-0,035804
-4,75000004678;-0,035804
-4,74500004678;-0,035804
-4,74000004678;-0,116206
-4,73500004678;-0,035804
-4,73000004678;-0,035804
-4,72500004678;0,044598
-4,72000004678;0,044598
-4,71500004678;-0,116206
-4,71000004678;-0,035804
-4,70500004678;-0,035804
-4,70000004678;-0,116206
-4,69500004678;0,044598
-4,69000004678;0,044598
-4,68500004678;0,044598
-4,68000004678;-0,035804
-4,67500004678;0,044598
-4,67000004678;-0,035804
-4,66500004678;-0,116206
-4,66000004678;-0,035804
-4,65500004678;0,044598
-4,65000004678;-0,116206
-4,64500004678;-0,035804
-4,64000004678;0,044598
-4,63500004678;-0,035804
-4,63000004678;-0,035804
-4,62500004678;-0,035804
-4,62000004678;0,044598
-4,61500004678;-0,116206
-4,61000004678;-0,116206
-4,60500004678;-0,035804
-4,60000004678;-0,116206
-4,59500004678;0,044598
-4,59000004678;-0,035804
-4,58500004678;-0,035804
-4,58000004678;-0,035804
-4,57500004678;-0,116206
-4,57000004678;0,044598
-4,56500004678;-0,035804
-4,56000004678;0,044598
-4,55500004678;-0,035804
-4,55000004678;0,044598
-4,54500004678;-0,035804
-4,54000004678;0,044598
-4,53500004678;-0,035804
-4,53000004678;0,044598
-4,52500004678;0,044598
-4,52000004678;-0,035804
-4,51500004678;-0,035804
-4,51000004678;-0,116206
-4,50500004678;-0,035804
-4,50000004678;-0,035804
-4,49500004678;-0,035804
-4,49000004678;-0,035804
-4,48500004678;-0,035804
-4,48000004678;-0,035804
-4,47500004678;-0,035804
-4,47000004678;-0,035804
-4,46500004678;-0,035804
-4,46000004678;-0,035804
-4,45500004678;-0,116206
-4,45000004678;-0,035804
-4,44500004678;0,044598
-4,44000004678;-0,035804
-4,43500004678;0,044598
-4,43000004678;-0,035804
-4,42500004678;-0,035804
-4,42000004678;0,044598
-4,41500004678;-0,116206
-4,41000004678;-0,035804
-4,40500004678;-0,035804
-4,40000004678;-0,035804
-4,39500004678;-0,035804
-4,39000004678;-0,035804
-4,38500004678;-0,035804
-4,38000004678;-0,035804
-4,37500004678;-0,035804
-4,37000004678;-0,035804
-4,36500004678;-0,035804
-4,36000004678;-0,035804
-4,35500004678;0,044598
-4,35000004678;-0,035804
-4,34500004678;-0,035804
-4,34000004678;0,044598
-4,33500004678;-0,035804
-4,33000004678;-0,035804
-4,32500004678;0,044598
-4,32000004678;-0,035804
-4,31500004678;-0,035804
-4,31000004678;0,044598
-4,30500004678;-0,116206
-4,30000004678;0,044598
-4,29500004678;-0,035804
-4,29000004678;-0,035804
-4,28500004678;-0,035804
-4,28000004678;0,044598
-4,27500004678;-0,035804
-4,27000004678;-0,035804
-4,26500004678;0,044598
-4,26000004678;0,044598
-4,25500004678;-0,116206
-4,25000004678;-0,035804
-4,24500004678;-0,116206
-4,24000004678;-0,116206
-4,23500004678;-0,116206
-4,23000004678;-0,035804
-4,22500004678;-0,035804
-4,22000004678;-0,116206
-4,21500004678;-0,116206
-4,21000004678;0,044598
-4,20500004678;-0,035804
-4,20000004678;0,044598
-4,19500004678;-0,035804
-4,19000004678;-0,035804
-4,18500004678;0,044598
-4,18000004678;0,044598
-4,17500004678;0,044598
-4,17000004678;0,044598
-4,16500004678;0,044598
-4,16000004678;-0,035804
-4,15500004678;-0,035804
-4,15000004678;0,044598
-4,14500004678;0,044598
-4,14000004678;-0,035804
-4,13500004678;-0,035804
-4,13000004678;0,044598
-4,12500004678;-0,035804
-4,12000004678;0,044598
-4,11500004678;0,044598
-4,11000004678;0,044598
-4,10500004678;-0,035804
-4,10000004678;0,044598
-4,09500004678;-0,035804
-4,09000004678;-0,035804
-4,08500004678;-0,035804
-4,08000004678;0,044598
-4,07500004678;-0,035804
-4,07000004678;-0,035804
-4,06500004678;-0,116206
-4,06000004678;-0,116206
-4,05500004678;-0,035804
-4,05000004678;-0,035804
-4,04500004678;-0,035804
-4,04000004678;-0,035804
-4,03500004678;-0,035804
-4,03000004678;-0,035804
-4,02500004678;-0,035804
-4,02000004678;-0,035804
-4,01500004678;-0,035804
-4,01000004678;-0,035804
-4,00500004678;-0,116206
-4,00000004678;-0,035804
-3,99500004678;-0,035804
-3,99000004678;-0,035804
-3,98500004678;-0,116206
-3,98000004678;-0,035804
-3,97500004678;-0,035804
-3,97000004678;-0,116206
-3,96500004678;-0,035804
-3,96000004678;-0,035804
-3,95500004678;0,044598
-3,95000004678;0,044598
-3,94500004678;-0,035804
-3,94000004678;-0,035804
-3,93500004678;-0,035804
-3,93000004678;0,125
-3,92500004678;0,044598
-3,92000004678;-0,035804
-3,91500004678;-0,035804
-3,91000004678;-0,035804
-3,90500004678;-0,035804
-3,90000004678;-0,116206
-3,89500004678;-0,035804
-3,89000004678;-0,116206
-3,88500004678;-0,035804
-3,88000004678;-0,035804
-3,87500004678;-0,035804
-3,87000004678;0,044598
-3,86500004678;-0,035804
-3,86000004678;-0,116206
-3,85500004678;-0,035804
-3,85000004678;-0,035804
-3,84500004678;0,044598
-3,84000004678;0,044598
-3,83500004678;-0,035804
-3,83000004678;-0,035804
-3,82500004678;-0,116206
-3,82000004678;-0,035804
-3,81500004678;-0,035804
-3,81000004678;-0,035804
-3,80500004678;0,044598
-3,80000004678;-0,035804
-3,79500004678;-0,035804
-3,79000004678;-0,035804
-3,78500004678;-0,035804
-3,78000004678;-0,035804
-3,77500004678;-0,035804
-3,77000004678;-0,116206
-3,76500004678;-0,035804
-3,76000004678;-0,116206
-3,75500004678;-0,035804
-3,75000004678;-0,035804
-3,74500004678;-0,035804
-3,74000004678;-0,116206
-3,73500004678;-0,035804
-3,73000004678;0,044598
-3,72500004678;0,044598
-3,72000004678;-0,035804
-3,71500004678;0,044598
-3,71000004678;0,044598
-3,70500004678;-0,116206
-3,70000004678;-0,035804
-3,69500004678;0,044598
-3,69000004678;-0,035804
-3,68500004678;-0,035804
-3,68000004678;-0,035804
-3,67500004678;-0,035804
-3,67000004678;-0,035804
-3,66500004678;0,044598
-3,66000004678;-0,116206
-3,65500004678;-0,116206
-3,65000004678;-0,116206
-3,64500004678;-0,035804
-3,64000004678;-0,035804
-3,63500004678;-0,035804
-3,63000004678;0,044598
-3,62500004678;-0,035804
-3,62000004678;-0,116206
-3,61500004678;-0,035804
-3,61000004678;0,044598
-3,60500004678;0,044598
-3,60000004678;-0,035804
-3,59500004678;-0,035804
-3,59000004678;0,044598
-3,58500004678;-0,116206
-3,58000004678;-0,035804
-3,57500004678;-0,035804
-3,57000004678;-0,035804
-3,56500004678;-0,035804
-3,56000004678;-0,035804
-3,55500004678;-0,035804
-3,55000004678;-0,116206
-3,54500004678;-0,116206
-3,54000004678;0,044598
-3,53500004678;-0,035804
-3,53000004678;-0,035804
-3,52500004678;0,044598
-3,52000004678;0,044598
-3,51500004678;-0,116206
-3,51000004678;-0,116206
-3,50500004678;-0,116206
-3,50000004678;-0,035804
-3,49500004678;-0,035804
-3,49000004678;-0,035804
-3,48500004678;0,044598
-3,48000004678;-0,035804
-3,47500004678;-0,035804
-3,47000004678;-0,035804
-3,46500004678;-0,116206
-3,46000004678;-0,035804
-3,45500004678;-0,035804
-3,45000004678;0,044598
-3,44500004678;-0,035804
-3,44000004678;-0,035804
-3,43500004678;-0,035804
-3,43000004678;-0,035804
-3,42500004678;-0,035804
-3,42000004678;0,044598
-3,41500004678;-0,035804
-3,41000004678;0,044598
-3,40500004678;-0,035804
-3,40000004678;-0,035804
-3,39500004678;0,044598
-3,39000004678;-0,035804
-3,38500004678;-0,035804
-3,38000004678;0,044598
-3,37500004678;-0,035804
-3,37000004678;0,044598
-3,36500004678;-0,035804
-3,36000004678;-0,035804
-3,35500004678;0,044598
-3,35000004678;-0,035804
-3,34500004678;0,044598
-3,34000004678;-0,035804
-3,33500004678;-0,116206
-3,33000004678;-0,035804
-3,32500004678;-0,035804
-3,32000004678;-0,035804
-3,31500004678;-0,035804
-3,31000004678;0,044598
-3,30500004678;-0,035804
-3,30000004678;-0,035804
-3,29500004678;-0,035804
-3,29000004678;-0,035804
-3,28500004678;-0,035804
-3,28000004678;-0,035804
-3,27500004678;0,044598
-3,27000004678;-0,035804
-3,26500004678;-0,035804
-3,26000004678;-0,116206
-3,25500004678;-0,035804
-3,25000004678;-0,035804
-3,24500004678;0,044598
-3,24000004678;-0,035804
-3,23500004678;-0,035804
-3,23000004678;-0,035804
-3,22500004678;-0,116206
-3,22000004678;-0,035804
-3,21500004678;-0,035804
-3,21000004678;0,044598
-3,20500004678;-0,035804
-3,20000004678;-0,035804
-3,19500004678;-0,116206
-3,19000004678;-0,035804
-3,18500004678;-0,035804
-3,18000004678;-0,035804
-3,17500004678;-0,035804
-3,17000004678;-0,035804
-3,16500004678;-0,116206
-3,16000004678;0,044598
-3,15500004678;-0,035804
-3,15000004678;0,044598
-3,14500004678;-0,116206
-3,14000004678;-0,116206
-3,13500004678;-0,035804
-3,13000004678;-0,035804
-3,12500004678;-0,035804
-3,12000004678;-0,035804
-3,11500004678;-0,035804
-3,11000004678;0,044598
-3,10500004678;-0,035804
-3,10000004678;-0,035804
-3,09500004678;-0,035804
-3,09000004678;-0,035804
-3,08500004678;-0,035804
-3,08000004678;-0,035804
-3,07500004678;-0,035804
-3,07000004678;-0,035804
-3,06500004678;-0,035804
-3,06000004678;-0,035804
-3,05500004678;-0,116206
-3,05000004678;0,044598
-3,04500004678;-0,035804
-3,04000004678;-0,035804
-3,03500004678;-0,035804
-3,03000004678;-0,035804
-3,02500004678;0,044598
-3,02000004678;-0,035804
-3,01500004678;-0,116206
-3,01000004678;-0,035804
-3,00500004678;-0,035804
-3,00000004678;-0,035804
-2,99500004678;-0,035804
-2,99000004678;-0,035804
-2,98500004678;-0,035804
-2,98000004678;0,044598
-2,97500004678;-0,035804
-2,97000004678;-0,035804
-2,96500004678;-0,035804
-2,96000004678;-0,035804
-2,95500004678;0,044598
-2,95000004678;-0,116206
-2,94500004678;-0,035804
-2,94000004678;-0,035804
-2,93500004678;-0,035804
-2,93000004678;-0,035804
-2,92500004678;-0,035804
-2,92000004678;0,044598
-2,91500004678;-0,035804
-2,91000004678;-0,035804
-2,90500004678;-0,035804
-2,90000004678;-0,035804
-2,89500004678;-0,116206
-2,89000004678;-0,035804
-2,88500004678;0,044598
-2,88000004678;-0,035804
-2,87500004678;-0,116206
-2,87000004678;-0,035804
-2,86500004678;-0,116206
-2,86000004678;-0,116206
-2,85500004678;-0,035804
-2,85000004678;-0,035804
-2,84500004678;-0,035804
-2,84000004678;-0,035804
-2,83500004678;-0,035804
-2,83000004678;-0,116206
-2,82500004678;-0,116206
-2,82000004678;-0,035804
-2,81500004678;0,044598
-2,81000004678;-0,035804
-2,80500004678;-0,035804
-2,80000004678;0,044598
-2,79500004678;0,044598
-2,79000004678;-0,035804
-2,78500004678;-0,116206
-2,78000004678;-0,035804
-2,77500004678;0,044598
-2,77000004678;-0,035804
-2,76500004678;-0,035804
-2,76000004678;-0,116206
-2,75500004678;0,044598
-2,75000004678;-0,035804
-2,74500004678;-0,035804
-2,74000004678;-0,116206
-2,73500004678;-0,035804
-2,73000004678;-0,035804
-2,72500004678;-0,116206
-2,72000004678;-0,035804
-2,71500004678;-0,035804
-2,71000004678;-0,035804
-2,70500004678;-0,035804
-2,70000004678;-0,035804
-2,69500004678;-0,116206
-2,69000004678;-0,116206
-2,68500004678;-0,196608
-2,68000004678;0,044598
-2,67500004678;-0,116206
-2,67000004678;-0,035804
-2,66500004678;-0,035804
-2,66000004678;-0,035804
-2,65500004678;-0,035804
-2,65000004678;-0,116206
-2,64500004678;-0,035804
-2,64000004678;0,044598
-2,63500004678;-0,035804
-2,63000004678;0,044598
-2,62500004678;-0,035804
-2,62000004678;-0,035804
-2,61500004678;-0,116206
-2,61000004678;-0,035804
-2,60500004678;0,044598
-2,60000004678;-0,035804
-2,59500004678;-0,035804
-2,59000004678;-0,116206
-2,58500004678;-0,035804
-2,58000004678;-0,035804
-2,57500004678;0,044598
-2,57000004678;-0,035804
-2,56500004678;-0,035804
-2,56000004678;-0,035804
-2,55500004678;0,044598
-2,55000004678;-0,035804
-2,54500004678;-0,116206
-2,54000004678;-0,035804
-2,53500004678;-0,035804
-2,53000004678;-0,035804
-2,52500004678;-0,035804
-2,52000004678;-0,035804
-2,51500004678;-0,116206
-2,51000004678;-0,035804
-2,50500004678;-0,035804
-2,50000004678;-0,035804
-2,49500004678;-0,035804
-2,49000004678;-0,035804
-2,48500004678;-0,116206
-2,48000004678;-0,035804
-2,47500004678;-0,035804
-2,47000004678;0,044598
-2,46500004678;-0,035804
-2,46000004678;-0,035804
-2,45500004678;0,044598
-2,45000004678;-0,035804
-2,44500004678;-0,116206
-2,44000004678;0,044598
-2,43500004678;0,044598
-2,43000004678;-0,116206
-2,42500004678;0,044598
-2,42000004678;-0,116206
-2,41500004678;-0,035804
-2,41000004678;-0,035804
-2,40500004678;-0,035804
-2,40000004678;-0,035804
-2,39500004678;0,044598
-2,39000004678;-0,035804
-2,38500004678;-0,035804
-2,38000004678;0,044598
-2,37500004678;0,044598
-2,37000004678;-0,035804
-2,36500004678;-0,035804
-2,36000004678;0,044598
-2,35500004678;0,044598
-2,35000004678;-0,035804
-2,34500004678;-0,035804
-2,34000004678;-0,035804
-2,33500004678;-0,035804
-2,33000004678;-0,035804
-2,32500004678;-0,035804
-2,32000004678;-0,035804
-2,31500004678;-0,035804
-2,31000004678;-0,116206
-2,30500004678;-0,035804
-2,30000004678;-0,116206
-2,29500004678;-0,035804
-2,29000004678;-0,035804
-2,28500004678;-0,035804
-2,28000004678;-0,035804
-2,27500004678;-0,035804
-2,27000004678;0,044598
-2,26500004678;-0,035804
-2,26000004678;-0,035804
-2,25500004678;-0,035804
-2,25000004678;-0,035804
-2,24500004678;-0,035804
-2,24000004678;-0,035804
-2,23500004678;-0,035804
-2,23000004678;-0,035804
-2,22500004678;-0,035804
-2,22000004678;0,044598
-2,21500004678;-0,116206
-2,21000004678;-0,035804
-2,20500004678;-0,035804
-2,20000004678;-0,116206
-2,19500004678;-0,035804
-2,19000004678;-0,116206
-2,18500004678;-0,035804
-2,18000004678;-0,035804
-2,17500004678;-0,035804
-2,17000004678;-0,035804
-2,16500004678;-0,116206
-2,16000004678;-0,116206
-2,15500004678;-0,035804
-2,15000004678;-0,035804
-2,14500004678;-0,116206
-2,14000004678;0,044598
-2,13500004678;0,044598
-2,13000004678;-0,035804
-2,12500004678;0,044598
-2,12000004678;-0,116206
-2,11500004678;-0,035804
-2,11000004678;0,044598
-2,10500004678;-0,116206
-2,10000004678;-0,035804
-2,09500004678;-0,035804
-2,09000004678;-0,035804
-2,08500004678;-0,035804
-2,08000004678;-0,035804
-2,07500004678;-0,035804
-2,07000004678;-0,035804
-2,06500004678;-0,035804
-2,06000004678;0,044598
-2,05500004678;-0,035804
-2,05000004678;0,044598
-2,04500004678;-0,116206
-2,04000004678;-0,035804
-2,03500004678;-0,035804
-2,03000004678;-0,035804
-2,02500004678;-0,035804
-2,02000004678;-0,116206
-2,01500004678;-0,035804
-2,01000004678;-0,035804
-2,00500004678;-0,035804
-2,00000004678;0,044598
-1,99500004678;-0,116206
-1,99000004678;-0,035804
-1,98500004678;-0,116206
-1,98000004678;-0,035804
-1,97500004678;-0,035804
-1,97000004678;-0,035804
-1,96500004678;-0,035804
-1,96000004678;-0,116206
-1,95500004678;-0,035804
-1,95000004678;-0,035804
-1,94500004678;-0,035804
-1,94000004678;0,044598
-1,93500004678;-0,035804
-1,93000004678;-0,116206
-1,92500004678;-0,035804
-1,92000004678;-0,035804
-1,91500004678;-0,035804
-1,91000004678;-0,116206
-1,90500004678;-0,035804
-1,90000004678;0,044598
-1,89500004678;0,044598
-1,89000004678;-0,035804
-1,88500004678;-0,035804
-1,88000004678;0,044598
-1,87500004678;-0,116206
-1,87000004678;-0,035804
-1,86500004678;-0,035804
-1,86000004678;-0,035804
-1,85500004678;-0,035804
-1,85000004678;-0,035804
-1,84500004678;-0,035804
-1,84000004678;0,044598
-1,83500004678;-0,116206
-1,83000004678;-0,035804
-1,82500004678;-0,035804
-1,82000004678;0,044598
-1,81500004678;0,125
-1,81000004678;-0,116206
-1,80500004678;-0,035804
-1,80000004678;-0,035804
-1,79500004678;-0,035804
-1,79000004678;-0,035804
-1,78500004678;-0,035804
-1,78000004678;-0,035804
-1,77500004678;-0,035804
-1,77000004678;0,044598
-1,76500004678;0,044598
-1,76000004678;-0,035804
-1,75500004678;-0,035804
-1,75000004678;0,044598
-1,74500004678;-0,035804
-1,74000004678;-0,035804
-1,73500004678;-0,035804
-1,73000004678;-0,035804
-1,72500004678;0,044598
-1,72000004678;-0,116206
-1,71500004678;-0,035804
-1,71000004678;-0,035804
-1,70500004678;-0,035804
-1,70000004678;-0,035804
-1,69500004678;-0,035804
-1,69000004678;-0,035804
-1,68500004678;0,044598
-1,68000004678;-0,035804
-1,67500004678;-0,035804
-1,67000004678;-0,035804
-1,66500004678;-0,035804
-1,66000004678;-0,035804
-1,65500004678;0,044598
-1,65000004678;0,044598
-1,64500004678;-0,035804
-1,64000004678;-0,116206
-1,63500004678;-0,116206
-1,63000004678;-0,035804
-1,62500004678;-0,035804
-1,62000004678;-0,035804
-1,61500004678;-0,035804
-1,61000004678;-0,035804
-1,60500004678;0,044598
-1,60000004678;-0,035804
-1,59500004678;-0,035804
-1,59000004678;0,044598
-1,58500004678;-0,035804
-1,58000004678;-0,035804
-1,57500004678;-0,035804
-1,57000004678;-0,035804
-1,56500004678;-0,035804
-1,56000004678;0,044598
-1,55500004678;-0,035804
-1,55000004678;-0,035804
-1,54500004678;0,044598
-1,54000004678;0,044598
-1,53500004678;-0,035804
-1,53000004678;-0,035804
-1,52500004678;-0,035804
-1,52000004678;-0,035804
-1,51500004678;-0,116206
-1,51000004678;0,044598
-1,50500004678;-0,035804
-1,50000004678;-0,035804
-1,49500004678;-0,035804
-1,49000004678;-0,116206
-1,48500004678;-0,035804
-1,48000004678;0,044598
-1,47500004678;-0,035804
-1,47000004678;-0,035804
-1,46500004678;-0,035804
-1,46000004678;0,044598
-1,45500004678;-0,035804
-1,45000004678;-0,035804
-1,44500004678;0,044598
-1,44000004678;-0,035804
-1,43500004678;0,044598
-1,43000004678;0,044598
-1,42500004678;-0,035804
-1,42000004678;-0,116206
-1,41500004678;-0,035804
-1,41000004678;-0,035804
-1,40500004678;-0,116206
-1,40000004678;0,044598
-1,39500004678;-0,035804
-1,39000004678;-0,035804
-1,38500004678;-0,035804
-1,38000004678;-0,035804
-1,37500004678;-0,116206
-1,37000004678;-0,116206
-1,36500004678;-0,035804
-1,36000004678;-0,035804
-1,35500004678;-0,116206
-1,35000004678;-0,035804
-1,34500004678;-0,116206
-1,34000004678;-0,035804
-1,33500004678;-0,035804
-1,33000004678;-0,035804
-1,32500004678;-0,035804
-1,32000004678;-0,035804
-1,31500004678;-0,035804
-1,31000004678;-0,035804
-1,30500004678;-0,035804
-1,30000004678;0,044598
-1,29500004678;-0,116206
-1,29000004678;-0,035804
-1,28500004678;-0,035804
-1,28000004678;-0,035804
-1,27500004678;0,044598
-1,27000004678;0,044598
-1,26500004678;-0,116206
-1,26000004678;-0,035804
-1,25500004678;-0,035804
-1,25000004678;-0,035804
-1,24500004678;-0,116206
-1,24000004678;-0,035804
-1,23500004678;-0,035804
-1,23000004678;-0,035804
-1,22500004678;-0,035804
-1,22000004678;-0,035804
-1,21500004678;0,044598
-1,21000004678;0,044598
-1,20500004678;-0,035804
-1,20000004678;-0,116206
-1,19500004678;-0,035804
-1,19000004678;-0,116206
-1,18500004678;-0,035804
-1,18000004678;-0,116206
-1,17500004678;-0,035804
-1,17000004678;-0,116206
-1,16500004678;-0,035804
-1,16000004678;-0,116206
-1,15500004678;-0,035804
-1,15000004678;-0,035804
-1,14500004678;-0,035804
-1,14000004678;-0,035804
-1,13500004678;-0,035804
-1,13000004678;-0,116206
-1,12500004678;-0,035804
-1,12000004678;-0,035804
-1,11500004678;-0,035804
-1,11000004678;-0,035804
-1,10500004678;-0,035804
-1,10000004678;-0,035804
-1,09500004678;0,044598
-1,09000004678;0,044598
-1,08500004678;-0,035804
-1,08000004678;-0,035804
-1,07500004678;0,044598
-1,07000004678;-0,035804
-1,06500004678;-0,035804
-1,06000004678;0,044598
-1,05500004678;-0,035804
-1,05000004678;-0,035804
-1,04500004678;-0,035804
-1,04000004678;-0,035804
-1,03500004678;-0,035804
-1,03000004678;-0,035804
-1,02500004678;-0,035804
-1,02000004678;-0,035804
-1,01500004678;-0,035804
-1,01000004678;-0,035804
-1,00500004678;-0,035804
-1,00000004678;-0,035804
-0,99500004678;-0,116206
-0,99000004678;0,044598
-0,98500004678;-0,035804
-0,98000004678;-0,035804
-0,97500004678;-0,035804
-0,97000004678;-0,035804
-0,96500004678;-0,035804
-0,96000004678;0,044598
-0,95500004678;0,044598
-0,95000004678;-0,116206
-0,94500004678;0,044598
-0,94000004678;-0,035804
-0,93500004678;0,044598
-0,93000004678;-0,035804
-0,92500004678;-0,035804
-0,92000004678;0,044598
-0,91500004678;-0,035804
-0,91000004678;-0,116206
-0,90500004678;-0,035804
-0,90000004678;0,044598
-0,89500004678;-0,035804
-0,89000004678;-0,035804
-0,88500004678;-0,035804
-0,88000004678;-0,035804
-0,87500004678;-0,035804
-0,87000004678;-0,035804
-0,86500004678;-0,035804
-0,86000004678;-0,035804
-0,85500004678;-0,035804
-0,85000004678;-0,035804
-0,84500004678;-0,035804
-0,84000004678;-0,035804
-0,83500004678;-0,035804
-0,83000004678;-0,035804
-0,82500004678;-0,116206
-0,82000004678;-0,116206
-0,81500004678;-0,035804
-0,81000004678;-0,035804
-0,80500004678;-0,035804
-0,80000004678;-0,035804
-0,79500004678;-0,035804
-0,79000004678;-0,035804
-0,78500004678;-0,035804
-0,78000004678;-0,035804
-0,77500004678;-0,116206
-0,77000004678;-0,035804
-0,76500004678;-0,116206
-0,76000004678;-0,035804
-0,75500004678;-0,035804
-0,75000004678;-0,035804
-0,74500004678;-0,035804
-0,74000004678;-0,116206
-0,73500004678;-0,035804
-0,73000004678;0,044598
-0,72500004678;-0,116206
-0,72000004678;-0,116206
-0,71500004678;-0,035804
-0,71000004678;0,044598
-0,70500004678;-0,035804
-0,70000004678;0,044598
-0,69500004678;-0,035804
-0,69000004678;0,044598
-0,68500004678;-0,035804
-0,68000004678;-0,035804
-0,67500004678;0,044598
-0,67000004678;-0,035804
-0,66500004678;-0,035804
-0,66000004678;-0,035804
-0,65500004678;-0,116206
-0,65000004678;-0,116206
-0,64500004678;-0,035804
-0,64000004678;-0,035804
-0,63500004678;-0,035804
-0,63000004678;-0,035804
-0,62500004678;-0,035804
-0,62000004678;-0,035804
-0,61500004678;-0,035804
-0,61000004678;0,044598
-0,60500004678;-0,116206
-0,60000004678;-0,035804
-0,59500004678;-0,035804
-0,59000004678;-0,035804
-0,58500004678;-0,116206
-0,58000004678;-0,116206
-0,57500004678;-0,035804
-0,57000004678;-0,035804
-0,56500004678;0,044598
-0,56000004678;-0,035804
-0,55500004678;0,044598
-0,55000004678;-0,116206
-0,54500004678;0,044598
-0,54000004678;-0,035804
-0,53500004678;-0,035804
-0,53000004678;-0,116206
-0,52500004678;0,044598
-0,52000004678;-0,035804
-0,51500004678;0,044598
-0,51000004678;-0,035804
-0,50500004678;-0,035804
-0,50000004678;-0,035804
-0,49500004678;0,044598
-0,49000004678;-0,035804
-0,48500004678;-0,035804
-0,48000004678;-0,116206
-0,47500004678;-0,116206
-0,47000004678;-0,035804
-0,46500004678;-0,035804
-0,46000004678;-0,035804
-0,45500004678;-0,116206
-0,45000004678;-0,035804
-0,44500004678;0,044598
-0,44000004678;-0,035804
-0,43500004678;-0,035804
-0,43000004678;-0,116206
-0,42500004678;-0,116206
-0,42000004678;0,044598
-0,41500004678;-0,035804
-0,41000004678;-0,116206
-0,40500004678;-0,116206
-0,40000004678;-0,035804
-0,39500004678;-0,035804
-0,39000004678;-0,116206
-0,38500004678;-0,035804
-0,38000004678;-0,035804
-0,37500004678;0,044598
-0,37000004678;0,044598
-0,36500004678;-0,035804
-0,36000004678;-0,035804
-0,35500004678;0,044598
-0,35000004678;-0,035804
-0,34500004678;0,044598
-0,34000004678;0,044598
-0,33500004678;0,044598
-0,33000004678;0,044598
-0,32500004678;0,044598
-0,32000004678;0,044598
-0,31500004678;-0,035804
-0,31000004678;-0,035804
-0,30500004678;0,044598
-0,30000004678;0,044598
-0,29500004678;-0,035804
-0,29000004678;-0,035804
-0,28500004678;0,044598
-0,28000004678;-0,035804
-0,27500004678;0,044598
-0,27000004678;-0,035804
-0,26500004678;-0,035804
-0,26000004678;-0,035804
-0,25500004678;0,044598
-0,25000004678;-0,035804
-0,24500004678;-0,035804
-0,24000004678;0,044598
-0,23500004678;0,044598
-0,23000004678;0,044598
-0,22500004678;0,044598
-0,22000004678;-0,035804
-0,21500004678;0,125
-0,21000004678;0,044598
-0,20500004678;0,044598
-0,20000004678;0,044598
-0,19500004678;-0,035804
-0,19000004678;0,044598
-0,18500004678;0,044598
-0,18000004678;-0,035804
-0,17500004678;-0,035804
-0,17000004678;-0,035804
-0,16500004678;-0,035804
-0,16000004678;-0,035804
-0,15500004678;0,044598
-0,15000004678;0,044598
-0,14500004678;0,044598
-0,14000004678;-0,035804
-0,13500004678;0,044598
-0,13000004678;-0,035804
-0,12500004678;0,044598
-0,12000004678;0,044598
-0,11500004678;0,044598
-0,11000004678;-0,035804
-0,10500004678;0,044598
-0,10000004678;-0,035804
-0,09500004678;-0,035804
-0,09000004678;-0,035804
-0,08500004678;-0,035804
-0,08000004678;-0,035804
-0,07500004678;-0,035804
-0,07000004678;0,044598
-0,06500004678;-0,035804
-0,06000004678;-0,035804
-0,05500004678;-0,035804
-0,05000004678;-0,035804
-0,04500004678;-0,035804
-0,04000004678;-0,035804
-0,03500004678;0,044598
-0,03000004678;-0,035804
-0,02500004678;-0,035804
-0,02000004678;0,044598
-0,01500004678;0,044598
-0,01000004678;0,044598
-0,00500004678;-0,035804
-0,00000004678;-0,035804
0,00499995322;1,57224
0,00999995322;1,49183
0,01499995322;1,41143
0,01999995322;1,33103
0,02499995322;1,17023
0,02999995322;1,17023
0,03499995322;1,00942
0,03999995322;0,848618
0,04499995322;0,848618
0,04999995322;0,848618
0,05499995322;0,768216
0,05999995322;0,687814
0,06499995322;0,687814
0,06999995322;0,607412
0,07499995322;0,52701
0,07999995322;0,607412
0,08499995322;0,52701
0,08999995322;0,446608
0,09499995322;0,446608
0,09999995322;0,366206
0,10499995322;0,366206
0,10999995322;0,285804
0,11499995322;0,366206
0,11999995322;0,285804
0,12499995322;0,205402
0,12999995322;0,366206
0,13499995322;0,205402
0,13999995322;0,285804
0,14499995322;0,285804
0,14999995322;0,205402
0,15499995322;0,125
0,15999995322;0,125
0,16499995322;0,285804
0,16999995322;0,205402
0,17499995322;0,205402
0,17999995322;0,125
0,18499995322;0,044598
0,18999995322;0,044598
0,19499995322;0,125
0,19999995322;0,205402
0,20499995322;0,125
0,20999995322;0,125
0,21499995322;0,044598
0,21999995322;0,125
0,22499995322;0,044598
0,22999995322;0,125
0,23499995322;0,044598
0,23999995322;0,044598
0,24499995322;0,125
0,24999995322;0,044598
0,25499995322;0,044598
0,25999995322;0,125
0,26499995322;0,044598
0,26999995322;0,044598
0,27499995322;0,044598
0,27999995322;0,044598
0,28499995322;0,044598
0,28999995322;0,125
0,29499995322;-0,035804
0,29999995322;-0,035804
0,30499995322;0,044598
0,30999995322;0,044598
0,31499995322;0,044598
0,31999995322;-0,035804
0,32499995322;-0,035804
0,32999995322;-0,116206
0,33499995322;0,125
0,33999995322;0,044598
0,34499995322;0,044598
0,34999995322;-0,035804
0,35499995322;0,044598
0,35999995322;-0,035804
0,36499995322;-0,035804
0,36999995322;0,044598
0,37499995322;-0,035804
0,37999995322;-0,116206
0,38499995322;-0,035804
0,38999995322;0,125
0,39499995322;0,044598
0,39999995322;-0,035804
0,40499995322;0,044598
0,40999995322;0,044598
0,41499995322;-0,035804
0,41999995322;-0,035804
0,42499995322;0,044598
0,42999995322;0,044598
0,43499995322;-0,035804
0,43999995322;0,044598
0,44499995322;0,044598
0,44999995322;0,044598
0,45499995322;-0,035804
0,45999995322;0,044598
0,46499995322;0,044598
0,46999995322;0,044598
0,47499995322;-0,035804
0,47999995322;-0,035804
0,48499995322;-0,035804
0,48999995322;0,044598
0,49499995322;0,044598
0,49999995322;-0,116206
0,50499995322;0,044598
0,50999995322;-0,035804
0,51499995322;0,044598
0,51999995322;-0,035804
0,52499995322;-0,035804
0,52999995322;0,044598
0,53499995322;-0,035804
0,53999995322;0,044598
0,54499995322;0,044598
0,54999995322;0,044598
0,55499995322;-0,035804
0,55999995322;-0,035804
0,56499995322;-0,035804
0,56999995322;0,044598
0,57499995322;-0,035804
0,57999995322;-0,035804
0,58499995322;-0,035804
0,58999995322;-0,035804
0,59499995322;0,044598
0,59999995322;-0,035804
0,60499995322;-0,035804
0,60999995322;0,044598
0,61499995322;-0,035804
0,61999995322;0,044598
0,62499995322;-0,035804
0,62999995322;0,044598
0,63499995322;-0,035804
0,63999995322;0,044598
0,64499995322;-0,035804
0,64999995322;-0,035804
0,65499995322;-0,035804
0,65999995322;0,044598
0,66499995322;-0,035804
0,66999995322;0,044598
0,67499995322;0,044598
0,67999995322;-0,035804
0,68499995322;-0,035804
0,68999995322;0,044598
0,69499995322;-0,035804
0,69999995322;0,044598
0,70499995322;0,044598
0,70999995322;-0,035804
0,71499995322;0,044598
0,71999995322;-0,035804
0,72499995322;-0,035804
0,72999995322;-0,035804
0,73499995322;0,044598
0,73999995322;-0,035804
0,74499995322;0,044598
0,74999995322;0,044598
0,75499995322;0,044598
0,75999995322;-0,035804
0,76499995322;-0,035804
0,76999995322;-0,035804
0,77499995322;0,044598
0,77999995322;0,044598
0,78499995322;-0,035804
0,78999995322;-0,035804
0,79499995322;-0,116206
0,79999995322;-0,035804
0,80499995322;-0,035804
0,80999995322;-0,035804
0,81499995322;-0,035804
0,81999995322;-0,035804
0,82499995322;-0,035804
0,82999995322;-0,035804
0,83499995322;0,044598
0,83999995322;-0,035804
0,84499995322;0,044598
0,84999995322;-0,035804
0,85499995322;0,044598
0,85999995322;-0,035804
0,86499995322;-0,035804
0,86999995322;-0,035804
0,87499995322;0,044598
0,87999995322;0,044598
0,88499995322;-0,035804
0,88999995322;0,125
0,89499995322;-0,035804
0,89999995322;-0,116206
0,90499995322;-0,035804
0,90999995322;-0,035804
0,91499995322;0,044598
0,91999995322;-0,035804
0,92499995322;-0,035804
0,92999995322;-0,035804
0,93499995322;-0,035804
0,93999995322;0,044598
0,94499995322;-0,035804
0,94999995322;0,044598
0,95499995322;0,044598
0,95999995322;-0,035804
0,96499995322;-0,035804
0,96999995322;-0,035804
0,97499995322;0,044598
0,97999995322;0,044598
0,98499995322;-0,035804
0,98999995322;-0,035804
0,99499995322;-0,035804
0,99999995322;0,044598
1,00499995322;-0,035804
1,00999995322;0,044598
1,01499995322;0,044598
1,01999995322;-0,116206
1,02499995322;0,044598
1,02999995322;-0,035804
1,03499995322;0,044598
1,03999995322;-0,035804
1,04499995322;0,044598
1,04999995322;0,044598
1,05499995322;0,044598
1,05999995322;-0,035804
1,06499995322;-0,035804
1,06999995322;-0,035804
1,07499995322;-0,035804
1,07999995322;-0,035804
1,08499995322;-0,035804
1,08999995322;-0,035804
1,09499995322;0,044598
1,09999995322;-0,035804
1,10499995322;-0,035804
1,10999995322;-0,035804
1,11499995322;-0,035804
1,11999995322;-0,035804
1,12499995322;-0,035804
1,12999995322;-0,035804
1,13499995322;-0,035804
1,13999995322;-0,035804
1,14499995322;0,044598
1,14999995322;0,044598
1,15499995322;-0,116206
1,15999995322;-0,116206
1,16499995322;-0,035804
1,16999995322;-0,035804
1,17499995322;-0,035804
1,17999995322;0,044598
1,18499995322;-0,035804
1,18999995322;-0,035804
1,19499995322;-0,035804
1,19999995322;-0,035804
1,20499995322;-0,035804
1,20999995322;-0,035804
1,21499995322;0,044598
1,21999995322;-0,035804
1,22499995322;0,044598
1,22999995322;-0,035804
1,23499995322;-0,035804
1,23999995322;-0,116206
1,24499995322;-0,035804
1,24999995322;-0,035804
1,25499995322;-0,035804
1,25999995322;-0,035804
1,26499995322;0,125
1,26999995322;0,044598
1,27499995322;-0,035804
1,27999995322;-0,035804
1,28499995322;-0,035804
1,28999995322;0,044598
1,29499995322;-0,035804
1,29999995322;-0,035804
1,30499995322;0,044598
1,30999995322;-0,035804
1,31499995322;-0,035804
1,31999995322;-0,035804
1,32499995322;-0,035804
1,32999995322;-0,116206
1,33499995322;-0,035804
1,33999995322;0,044598
1,34499995322;-0,035804
1,34999995322;-0,035804
1,35499995322;-0,035804
1,35999995322;-0,035804
1,36499995322;0,044598
1,36999995322;-0,035804
1,37499995322;-0,035804
1,37999995322;-0,035804
1,38499995322;0,044598
1,38999995322;-0,035804
1,39499995322;0,044598
1,39999995322;-0,116206
1,40499995322;-0,035804
1,40999995322;-0,116206
1,41499995322;0,044598
1,41999995322;-0,035804
1,42499995322;-0,035804
1,42999995322;-0,035804
1,43499995322;-0,035804
1,43999995322;-0,035804
1,44499995322;0,044598
1,44999995322;0,044598
1,45499995322;-0,035804
1,45999995322;-0,035804
1,46499995322;-0,035804
1,46999995322;-0,035804
1,47499995322;-0,035804
1,47999995322;-0,035804
1,48499995322;0,044598
1,48999995322;-0,035804
1,49499995322;-0,035804
1,49999995322;-0,035804
1,50499995322;-0,035804
1,50999995322;0,044598
1,51499995322;-0,035804
1,51999995322;-0,116206
1,52499995322;-0,035804
1,52999995322;-0,035804
1,53499995322;-0,035804
1,53999995322;-0,035804
1,54499995322;-0,035804
1,54999995322;0,044598
1,55499995322;-0,035804
1,55999995322;-0,116206
1,56499995322;-0,035804
1,56999995322;-0,116206
1,57499995322;0,044598
1,57999995322;-0,035804
1,58499995322;-0,035804
1,58999995322;0,044598
1,59499995322;0,044598
1,59999995322;0,044598
1,60499995322;-0,035804
1,60999995322;-0,035804
1,61499995322;-0,035804
1,61999995322;-0,116206
1,62499995322;-0,035804
1,62999995322;0,044598
1,63499995322;0,044598
1,63999995322;-0,035804
1,64499995322;-0,035804
1,64999995322;-0,035804
1,65499995322;-0,035804
1,65999995322;-0,035804
1,66499995322;0,044598
1,66999995322;0,044598
1,67499995322;-0,116206
1,67999995322;-0,116206
1,68499995322;-0,035804
1,68999995322;-0,035804
1,69499995322;0,044598
1,69999995322;0,044598
1,70499995322;-0,035804
1,70999995322;-0,035804
1,71499995322;-0,035804
1,71999995322;-0,035804
1,72499995322;-0,116206
1,72999995322;-0,035804
1,73499995322;-0,035804
1,73999995322;-0,116206
1,74499995322;0,044598
1,74999995322;-0,035804
1,75499995322;-0,035804
1,75999995322;-0,035804
1,76499995322;-0,035804
1,76999995322;0,044598
1,77499995322;-0,035804
1,77999995322;0,044598
1,78499995322;-0,035804
1,78999995322;0,044598
1,79499995322;-0,035804
1,79999995322;-0,035804
1,80499995322;-0,035804
1,80999995322;0,044598
1,81499995322;-0,035804
1,81999995322;-0,035804
1,82499995322;-0,116206
1,82999995322;-0,035804
1,83499995322;-0,035804
1,83999995322;-0,116206
1,84499995322;-0,035804
1,84999995322;-0,116206
1,85499995322;-0,116206
1,85999995322;-0,035804
1,86499995322;-0,035804
1,86999995322;0,125
1,87499995322;-0,035804
1,87999995322;-0,035804
1,88499995322;0,044598
1,88999995322;-0,035804
1,89499995322;0,044598
1,89999995322;-0,035804
1,90499995322;-0,035804
1,90999995322;-0,035804
1,91499995322;-0,035804
1,91999995322;-0,035804
1,92499995322;-0,035804
1,92999995322;-0,116206
1,93499995322;-0,035804
1,93999995322;0,044598
1,94499995322;-0,116206
1,94999995322;-0,035804
1,95499995322;-0,035804
1,95999995322;-0,035804
1,96499995322;0,044598
1,96999995322;-0,035804
1,97499995322;-0,035804
1,97999995322;0,044598
1,98499995322;-0,035804
1,98999995322;-0,035804
1,99499995322;-0,035804
1,99999995322;-0,035804
2,00499995322;0,044598
2,00999995322;-0,035804
2,01499995322;-0,035804
2,01999995322;-0,116206
2,02499995322;-0,035804
2,02999995322;-0,035804
2,03499995322;-0,116206
2,03999995322;-0,035804
2,04499995322;-0,035804
2,04999995322;-0,035804
2,05499995322;-0,035804
2,05999995322;-0,035804
2,06499995322;0,044598
2,06999995322;-0,035804
2,07499995322;-0,035804
2,07999995322;0,044598
2,08499995322;-0,035804
2,08999995322;-0,035804
2,09499995322;-0,035804
2,09999995322;0,044598
2,10499995322;-0,035804
2,10999995322;-0,035804
2,11499995322;0,044598
2,11999995322;-0,035804
2,12499995322;-0,035804
2,12999995322;-0,035804
2,13499995322;-0,035804
2,13999995322;-0,035804
2,14499995322;-0,035804
2,14999995322;-0,035804
2,15499995322;-0,116206
2,15999995322;-0,035804
2,16499995322;-0,035804
2,16999995322;-0,116206
2,17499995322;-0,116206
2,17999995322;-0,035804
2,18499995322;-0,035804
2,18999995322;0,044598
2,19499995322;-0,035804
2,19999995322;-0,035804
2,20499995322;-0,116206
2,20999995322;-0,035804
2,21499995322;0,044598
2,21999995322;0,044598
2,22499995322;-0,035804
2,22999995322;-0,035804
2,23499995322;-0,035804
2,23999995322;-0,035804
2,24499995322;-0,116206
2,24999995322;-0,116206
2,25499995322;0,044598
2,25999995322;-0,035804
2,26499995322;-0,116206
2,26999995322;-0,035804
2,27499995322;-0,035804
2,27999995322;0,044598
2,28499995322;-0,196608
2,28999995322;0,044598
2,29499995322;-0,035804
2,29999995322;-0,116206
2,30499995322;-0,035804
2,30999995322;-0,035804
2,31499995322;-0,035804
2,31999995322;-0,116206
2,32499995322;-0,116206
2,32999995322;-0,035804
2,33499995322;-0,035804
2,33999995322;-0,035804
2,34499995322;-0,035804
2,34999995322;-0,035804
2,35499995322;-0,035804
2,35999995322;-0,116206
2,36499995322;-0,035804
2,36999995322;-0,035804
2,37499995322;0,044598
2,37999995322;-0,035804
2,38499995322;0,044598
2,38999995322;-0,035804
2,39499995322;-0,035804
2,39999995322;-0,116206
2,40499995322;-0,035804
2,40999995322;-0,035804
2,41499995322;-0,116206
2,41999995322;-0,035804
2,42499995322;-0,035804
2,42999995322;-0,035804
2,43499995322;0,044598
2,43999995322;-0,035804
2,44499995322;-0,035804
2,44999995322;-0,035804
2,45499995322;-0,035804
2,45999995322;-0,035804
2,46499995322;-0,035804
2,46999995322;-0,035804
2,47499995322;0,044598
2,47999995322;-0,116206
2,48499995322;0,044598
2,48999995322;-0,035804
2,49499995322;0,044598
2,49999995322;-0,035804
2,50499995322;-0,035804
2,50999995322;-0,035804
2,51499995322;-0,035804
2,51999995322;0,044598
2,52499995322;-0,035804
2,52999995322;-0,035804
2,53499995322;-0,035804
2,53999995322;0,044598
2,54499995322;-0,116206
2,54999995322;0,044598
2,55499995322;-0,035804
2,55999995322;0,044598
2,56499995322;0,044598
2,56999995322;-0,035804
2,57499995322;-0,035804
2,57999995322;0,044598
2,58499995322;-0,035804
2,58999995322;-0,035804
2,59499995322;0,125
2,59999995322;-0,035804
2,60499995322;-0,035804
2,60999995322;-0,035804
2,61499995322;0,044598
2,61999995322;-0,035804
2,62499995322;-0,035804
2,62999995322;0,044598
2,63499995322;-0,116206
2,63999995322;-0,035804
2,64499995322;-0,035804
2,64999995322;0,044598
2,65499995322;-0,035804
2,65999995322;0,044598
2,66499995322;0,044598
2,66999995322;-0,035804
2,67499995322;0,044598
2,67999995322;-0,035804
2,68499995322;-0,116206
2,68999995322;0,044598
2,69499995322;-0,035804
2,69999995322;-0,035804
2,70499995322;0,044598
2,70999995322;-0,035804
2,71499995322;0,044598
2,71999995322;-0,035804
2,72499995322;-0,116206
2,72999995322;-0,035804
2,73499995322;-0,035804
2,73999995322;-0,035804
2,74499995322;0,044598
2,74999995322;0,044598
2,75499995322;0,044598
2,75999995322;-0,035804
2,76499995322;-0,035804
2,76999995322;-0,035804
2,77499995322;-0,035804
2,77999995322;-0,035804
2,78499995322;0,044598
2,78999995322;-0,035804
2,79499995322;-0,035804
2,79999995322;0,044598
2,80499995322;-0,035804
2,80999995322;-0,035804
2,81499995322;-0,035804
2,81999995322;-0,035804
2,82499995322;-0,035804
2,82999995322;-0,035804
2,83499995322;-0,035804
2,83999995322;-0,116206
2,84499995322;0,044598
2,84999995322;0,044598
2,85499995322;-0,035804
2,85999995322;-0,035804
2,86499995322;0,044598
2,86999995322;-0,035804
2,87499995322;0,044598
2,87999995322;-0,035804
2,88499995322;-0,035804
2,88999995322;-0,035804
2,89499995322;-0,035804
2,89999995322;0,044598
2,90499995322;-0,116206
2,90999995322;0,044598
2,91499995322;-0,035804
2,91999995322;-0,035804
2,92499995322;-0,035804
2,92999995322;-0,035804
2,93499995322;-0,035804
2,93999995322;-0,035804
2,94499995322;-0,116206
2,94999995322;-0,035804
2,95499995322;-0,116206
2,95999995322;0,044598
2,96499995322;-0,035804
2,96999995322;-0,035804
2,97499995322;0,044598
2,97999995322;-0,035804
2,98499995322;-0,035804
2,98999995322;-0,035804
2,99499995322;0,044598
2,99999995322;-0,035804
3,00499995322;-0,035804
3,00999995322;0,044598
3,01499995322;-0,035804
3,01999995322;-0,116206
3,02499995322;-0,116206
3,02999995322;-0,035804
3,03499995322;0,044598
3,03999995322;-0,116206
3,04499995322;-0,116206
3,04999995322;-0,035804
3,05499995322;-0,035804
3,05999995322;0,044598
3,06499995322;-0,035804
3,06999995322;-0,035804
3,07499995322;0,044598
3,07999995322;0,044598
3,08499995322;-0,035804
3,08999995322;-0,035804
3,09499995322;-0,035804
3,09999995322;-0,035804
3,10499995322;0,044598
3,10999995322;-0,116206
3,11499995322;-0,035804
3,11999995322;-0,035804
3,12499995322;-0,035804
3,12999995322;-0,035804
3,13499995322;-0,035804
3,13999995322;-0,035804
3,14499995322;-0,116206
3,14999995322;-0,035804
3,15499995322;-0,035804
3,15999995322;-0,035804
3,16499995322;-0,035804
3,16999995322;-0,035804
3,17499995322;-0,035804
3,17999995322;0,044598
3,18499995322;-0,116206
3,18999995322;-0,116206
3,19499995322;0,044598
3,19999995322;-0,035804
3,20499995322;-0,035804
3,20999995322;-0,035804
3,21499995322;-0,116206
3,21999995322;-0,035804
3,22499995322;-0,035804
3,22999995322;-0,035804
3,23499995322;0,044598
3,23999995322;-0,035804
3,24499995322;-0,035804
3,24999995322;-0,035804
3,25499995322;0,044598
3,25999995322;-0,035804
3,26499995322;-0,035804
3,26999995322;-0,116206
3,27499995322;-0,035804
3,27999995322;-0,035804
3,28499995322;-0,035804
3,28999995322;-0,035804
3,29499995322;-0,035804
3,29999995322;-0,035804
3,30499995322;-0,116206
3,30999995322;-0,035804
3,31499995322;0,044598
3,31999995322;-0,035804
3,32499995322;-0,035804
3,32999995322;-0,035804
3,33499995322;-0,035804
3,33999995322;-0,116206
3,34499995322;-0,035804
3,34999995322;-0,035804
3,35499995322;-0,035804
3,35999995322;-0,035804
3,36499995322;-0,116206
3,36999995322;-0,035804
3,37499995322;-0,035804
3,37999995322;0,044598
3,38499995322;-0,035804
3,38999995322;-0,035804
3,39499995322;-0,035804
3,39999995322;-0,035804
3,40499995322;-0,035804
3,40999995322;0,044598
3,41499995322;-0,035804
3,41999995322;-0,035804
3,42499995322;-0,035804
3,42999995322;-0,035804
3,43499995322;-0,035804
3,43999995322;-0,035804
3,44499995322;-0,035804
3,44999995322;-0,035804
3,45499995322;-0,035804
3,45999995322;-0,035804
3,46499995322;-0,116206
3,46999995322;-0,035804
3,47499995322;-0,035804
3,47999995322;0,044598
3,48499995322;-0,035804
3,48999995322;-0,035804
3,49499995322;0,044598
3,49999995322;-0,035804
3,50499995322;-0,035804
3,50999995322;0,044598
3,51499995322;-0,035804
3,51999995322;-0,116206
3,52499995322;-0,035804
3,52999995322;0,044598
3,53499995322;-0,116206
3,53999995322;-0,035804
3,54499995322;-0,116206
3,54999995322;-0,035804
3,55499995322;-0,035804
3,55999995322;-0,035804
3,56499995322;-0,035804
3,56999995322;-0,035804
3,57499995322;0,044598
3,57999995322;-0,035804
3,58499995322;-0,035804
3,58999995322;-0,035804
3,59499995322;-0,035804
3,59999995322;-0,035804
3,60499995322;-0,035804
3,60999995322;-0,035804
3,61499995322;-0,035804
3,61999995322;-0,035804
3,62499995322;-0,035804
3,62999995322;-0,035804
3,63499995322;-0,035804
3,63999995322;-0,116206
3,64499995322;0,044598
3,64999995322;-0,035804
3,65499995322;-0,035804
3,65999995322;0,044598
3,66499995322;-0,116206
3,66999995322;-0,035804
3,67499995322;0,044598
3,67999995322;-0,116206
3,68499995322;-0,035804
3,68999995322;0,044598
3,69499995322;-0,035804
3,69999995322;-0,035804
3,70499995322;-0,116206
3,70999995322;-0,035804
3,71499995322;-0,035804
3,71999995322;-0,035804
3,72499995322;-0,035804
3,72999995322;-0,035804
3,73499995322;-0,035804
3,73999995322;0,044598
3,74499995322;-0,035804
3,74999995322;-0,116206
3,75499995322;-0,035804
3,75999995322;-0,035804
3,76499995322;-0,116206
3,76999995322;0,044598
3,77499995322;-0,035804
3,77999995322;-0,035804
3,78499995322;-0,116206
3,78999995322;-0,116206
3,79499995322;-0,035804
3,79999995322;-0,035804
3,80499995322;-0,116206
3,80999995322;-0,035804
3,81499995322;-0,035804
3,81999995322;-0,035804
3,82499995322;-0,035804
3,82999995322;-0,035804
3,83499995322;-0,035804
3,83999995322;-0,035804
3,84499995322;-0,035804
3,84999995322;-0,116206
3,85499995322;-0,035804
3,85999995322;-0,035804
3,86499995322;-0,116206
3,86999995322;-0,035804
3,87499995322;-0,035804
3,87999995322;-0,035804
3,88499995322;-0,116206
3,88999995322;-0,116206
3,89499995322;-0,035804
3,89999995322;-0,035804
3,90499995322;0,044598
3,90999995322;0,044598
3,91499995322;-0,035804
3,91999995322;0,044598
3,92499995322;-0,035804
3,92999995322;-0,116206
3,93499995322;-0,035804
3,93999995322;-0,035804
3,94499995322;-0,035804
3,94999995322;-0,035804
3,95499995322;-0,035804
3,95999995322;-0,035804
3,96499995322;-0,035804
3,96999995322;-0,035804
3,97499995322;-0,116206
3,97999995322;-0,116206
3,98499995322;-0,035804
3,98999995322;-0,035804
3,99499995322;-0,116206
3,99999995322;-0,116206
4,00499995322;-0,035804
4,00999995322;-0,035804
4,01499995322;0,044598
4,01999995322;0,044598
4,02499995322;-0,116206
4,02999995322;-0,035804
4,03499995322;-0,035804
4,03999995322;-0,035804
4,04499995322;-0,035804
4,04999995322;-0,035804
4,05499995322;0,044598
4,05999995322;-0,035804
4,06499995322;0,044598
4,06999995322;0,044598
4,07499995322;-0,035804
4,07999995322;0,044598
4,08499995322;-0,035804
4,08999995322;0,044598
4,09499995322;-0,035804
4,09999995322;-0,035804
4,10499995322;-0,035804
4,10999995322;-0,035804
4,11499995322;-0,035804
4,11999995322;-0,035804
4,12499995322;-0,035804
4,12999995322;-0,035804
4,13499995322;-0,035804
4,13999995322;-0,116206
4,14499995322;0,044598
4,14999995322;-0,035804
4,15499995322;-0,116206
4,15999995322;-0,035804
4,16499995322;-0,116206
4,16999995322;0,044598
4,17499995322;0,044598
4,17999995322;-0,035804
4,18499995322;0,044598
4,18999995322;-0,035804
4,19499995322;-0,035804
4,19999995322;-0,035804
4,20499995322;-0,035804
4,20999995322;-0,035804
4,21499995322;-0,035804
4,21999995322;-0,035804
4,22499995322;-0,035804
4,22999995322;-0,116206
4,23499995322;-0,035804
4,23999995322;-0,035804
4,24499995322;-0,035804
4,24999995322;-0,035804
4,25499995322;-0,035804
4,25999995322;-0,116206
4,26499995322;-0,035804
4,26999995322;-0,035804
4,27499995322;-0,035804
4,27999995322;0,044598
4,28499995322;-0,035804
4,28999995322;-0,116206
4,29499995322;0,044598
4,29999995322;-0,035804
4,30499995322;-0,035804
4,30999995322;-0,035804
4,31499995322;-0,116206
4,31999995322;-0,116206
4,32499995322;-0,116206
4,32999995322;-0,116206
4,33499995322;-0,035804
4,33999995322;-0,035804
4,34499995322;-0,035804
4,34999995322;-0,116206
4,35499995322;-0,116206
4,35999995322;-0,035804
4,36499995322;-0,035804
4,36999995322;-0,035804
4,37499995322;-0,035804
4,37999995322;-0,035804
4,38499995322;-0,035804
4,38999995322;-0,116206
4,39499995322;-0,035804
4,39999995322;-0,035804
4,40499995322;0,044598
4,40999995322;-0,035804
4,41499995322;-0,035804
4,41999995322;-0,116206
4,42499995322;0,044598
4,42999995322;-0,035804
4,43499995322;-0,035804
4,43999995322;-0,035804
4,44499995322;-0,035804
4,44999995322;0,044598
4,45499995322;-0,116206
4,45999995322;-0,035804
4,46499995322;-0,035804
4,46999995322;-0,035804
4,47499995322;-0,035804
4,47999995322;-0,116206
4,48499995322;-0,035804
4,48999995322;-0,116206
4,49499995322;0,044598
4,49999995322;-0,035804
4,50499995322;-0,035804
4,50999995322;0,044598
4,51499995322;-0,035804
4,51999995322;-0,035804
4,52499995322;-0,116206
4,52999995322;-0,035804
4,53499995322;-0,116206
4,53999995322;-0,035804
4,54499995322;-0,035804
4,54999995322;-0,035804
4,55499995322;-0,035804
4,55999995322;-0,116206
4,56499995322;-0,035804
4,56999995322;-0,035804
4,57499995322;0,044598
4,57999995322;0,044598
4,58499995322;-0,116206
4,58999995322;0,044598
4,59499995322;-0,035804
4,59999995322;-0,116206
4,60499995322;0,044598
4,60999995322;-0,035804
4,61499995322;0,125
4,61999995322;0,044598
4,62499995322;-0,035804
4,62999995322;-0,116206
4,63499995322;-0,035804
4,63999995322;0,044598
4,64499995322;0,044598
4,64999995322;-0,035804
4,65499995322;-0,035804
4,65999995322;-0,035804
4,66499995322;-0,035804
4,66999995322;-0,116206
4,67499995322;-0,035804
4,67999995322;-0,035804
4,68499995322;0,044598
4,68999995322;-0,035804
4,69499995322;-0,035804
4,69999995322;-0,035804
4,70499995322;0,044598
4,70999995322;-0,035804
4,71499995322;-0,035804
4,71999995322;-0,035804
4,72499995322;-0,035804
4,72999995322;-0,035804
4,73499995322;-0,035804
4,73999995322;-0,035804
4,74499995322;-0,116206
4,74999995322;-0,035804
4,75499995322;-0,035804
4,75999995322;-0,035804
4,76499995322;-0,116206
4,76999995322;-0,035804
4,77499995322;-0,035804
4,77999995322;-0,035804
4,78499995322;-0,116206
4,78999995322;-0,035804
4,79499995322;0,044598
4,79999995322;-0,035804
4,80499995322;-0,035804
4,80999995322;0,044598
4,81499995322;-0,035804
4,81999995322;0,044598
4,82499995322;0,044598
4,82999995322;-0,035804
4,83499995322;-0,035804
4,83999995322;-0,035804
4,84499995322;-0,035804
4,84999995322;-0,116206
4,85499995322;-0,035804
4,85999995322;-0,116206
4,86499995322;-0,035804
4,86999995322;-0,196608
4,87499995322;-0,035804
4,87999995322;-0,035804
4,88499995322;-0,035804
4,88999995322;-0,035804
4,89499995322;-0,035804
4,89999995322;-0,035804
4,90499995322;-0,116206
4,90999995322;-0,116206
4,91499995322;-0,035804
4,91999995322;0,044598
4,92499995322;-0,035804
4,92999995322;-0,035804
4,93499995322;-0,035804
4,93999995322;-0,035804
4,94499995322;-0,116206
4,94999995322;0,044598
4,95499995322;-0,035804
4,95999995322;-0,035804
4,96499995322;-0,035804
4,96999995322;-0,035804
4,97499995322;-0,035804
4,97999995322;-0,035804
4,98499995322;-0,035804
4,98999995322;-0,035804
4,99499995322;-0,035804
